timestamp,CO2
2021-03-01 17:29:49,418.35
2021-03-01 17:30:49,431.9
2021-03-01 17:31:49,454.9
2021-03-01 17:33:42,480.19
2021-03-01 17:34:42,471.15
2021-03-01 17:35:42,670.2
2021-03-01 17:36:42,486.55
2021-03-01 17:37:42,455.5
2021-03-01 17:38:42,455.6
2021-03-01 17:39:42,457.45
2021-03-01 17:40:42,463.2
2021-03-01 17:41:42,474.85
2021-03-01 17:42:42,471.1
2021-03-01 17:43:42,466.8
2021-03-01 17:44:42,464.6
2021-03-01 17:45:42,502.55
2021-03-01 17:46:42,456.4
2021-03-01 17:47:42,429.9
2021-03-01 17:48:42,494.25
2021-03-01 17:49:42,644.9
2021-03-01 17:50:42,501.1
2021-03-01 17:51:42,488.5
2021-03-01 17:52:42,520.75
2021-03-01 17:53:42,474.45
2021-03-01 17:54:42,444.1
2021-03-01 17:57:15,438.55
2021-03-01 17:58:15,425.6
2021-03-01 17:59:15,415.65
2021-03-01 18:00:15,416.35
2021-03-01 18:01:15,416.45
2021-03-01 18:02:15,416.45
2021-03-01 18:03:15,413.45
2021-03-01 18:04:15,416.15
2021-03-01 18:05:15,432.1
2021-03-01 18:06:15,440.7
2021-03-01 18:07:15,444.3
2021-03-01 18:08:15,443.65
2021-03-01 18:09:15,436.95
2021-03-01 18:10:15,429.1
2021-03-01 18:11:15,428.95
2021-03-01 18:12:15,433.45
2021-03-01 18:13:15,432.5
2021-03-01 18:14:15,434.85
2021-03-01 18:15:15,430.4
2021-03-01 18:16:15,424.15
2021-03-01 18:17:15,423.85
2021-03-01 18:18:15,463.0
2021-03-01 18:19:15,456.25
2021-03-01 18:20:15,448.85
2021-03-01 18:21:15,448.6
2021-03-01 18:22:15,453.3
2021-03-01 18:23:15,470.85
2021-03-01 18:24:15,457.0
2021-03-01 18:25:15,447.1
2021-03-01 18:26:15,440.05
2021-03-01 18:27:15,457.75
2021-03-01 18:28:15,477.4
2021-03-01 18:29:15,431.9
2021-03-01 18:30:15,434.85
2021-03-01 18:31:15,438.1
2021-03-01 18:32:15,441.2
2021-03-01 18:33:15,436.05
2021-03-01 18:34:15,429.05
2021-03-01 18:35:15,425.7
2021-03-01 18:36:15,426.95
2021-03-01 18:37:15,433.65
2021-03-01 18:38:15,444.85
2021-03-01 18:39:15,488.4
2021-03-01 18:40:15,473.7
2021-03-01 18:41:15,510.95
2021-03-01 18:42:15,597.1
2021-03-01 18:43:15,480.8
2021-03-01 18:44:15,504.4
2021-03-01 18:45:15,466.25
2021-03-01 18:46:15,494.25
2021-03-01 18:47:15,471.2
2021-03-01 18:48:15,464.8
2021-03-01 18:49:15,458.25
2021-03-01 18:50:15,455.85
2021-03-01 18:51:15,445.0
2021-03-01 18:52:15,436.2
2021-03-01 18:53:15,435.4
2021-03-01 18:54:15,429.2
2021-03-01 18:55:15,427.45
2021-03-01 18:56:15,425.9
2021-03-01 18:57:15,425.95
2021-03-01 18:58:15,429.1
2021-03-01 18:59:15,426.85
2021-03-01 19:00:15,427.95
2021-03-01 19:01:15,426.3
2021-03-01 19:02:15,426.8
2021-03-01 19:03:15,426.6
2021-03-01 19:04:15,424.1
2021-03-01 19:05:15,423.6
2021-03-01 19:06:15,420.75
2021-03-01 19:07:15,416.45
2021-03-01 19:08:15,415.75
2021-03-01 19:09:15,418.75
2021-03-01 19:10:15,419.25
2021-03-01 19:11:15,418.85
2021-03-01 19:12:15,414.35
2021-03-01 19:13:15,411.35
2021-03-01 19:14:15,409.2
2021-03-01 19:15:15,406.35
2021-03-01 19:16:15,403.85
2021-03-01 19:17:15,402.15
2021-03-01 19:18:15,405.65
2021-03-01 19:19:15,406.75
2021-03-01 19:20:15,407.45
2021-03-01 19:21:15,405.65
2021-03-01 19:22:15,405.0
2021-03-01 19:23:15,400.75
2021-03-01 19:24:15,399.75
2021-03-01 19:25:15,398.9
2021-03-01 19:26:15,399.25
2021-03-01 19:27:15,398.45
2021-03-01 19:28:15,396.65
2021-03-01 19:29:15,396.0
2021-03-01 19:30:15,396.65
2021-03-01 19:31:15,402.95
2021-03-01 19:32:15,406.75
2021-03-01 19:33:15,407.25
2021-03-01 19:34:15,404.15
2021-03-01 19:35:15,404.65
2021-03-01 19:36:15,409.0
2021-03-01 19:37:15,421.1
2021-03-01 19:38:15,416.85
2021-03-01 19:39:15,413.75
2021-03-01 19:40:15,416.45
2021-03-01 19:41:15,414.2
2021-03-01 19:42:15,412.85
2021-03-01 19:43:15,405.55
2021-03-01 19:44:15,398.6
2021-03-01 19:45:15,396.3
2021-03-01 19:46:15,397.0
2021-03-01 19:47:15,398.55
2021-03-01 19:48:15,398.1
2021-03-01 19:49:15,398.05
2021-03-01 19:50:15,399.8
2021-03-01 19:51:15,400.85
2021-03-01 19:52:15,415.4
2021-03-01 19:53:15,420.65
2021-03-01 19:54:15,420.95
2021-03-01 19:55:15,421.1
2021-03-01 19:56:15,421.8
2021-03-01 19:57:15,420.5
2021-03-01 19:58:15,418.05
2021-03-01 19:59:15,417.35
2021-03-01 20:00:15,417.95
2021-03-01 20:01:15,417.8
2021-03-01 20:02:15,417.85
2021-03-01 20:03:15,417.3
2021-03-01 20:04:15,414.85
2021-03-01 20:05:15,415.75
2021-03-01 20:06:15,414.3
2021-03-01 20:07:15,414.1
2021-03-01 20:08:15,413.2
2021-03-01 20:09:15,412.75
2021-03-01 20:10:15,411.2
2021-03-01 20:11:15,410.95
2021-03-01 20:12:15,409.2
2021-03-01 20:13:15,406.1
2021-03-01 20:14:15,401.35
2021-03-01 20:15:15,401.0
2021-03-01 20:16:15,400.3
2021-03-01 20:17:15,400.0
2021-03-01 20:18:15,404.1
2021-03-01 20:19:15,404.45
2021-03-01 20:20:15,405.05
2021-03-01 20:21:15,404.7
2021-03-01 20:22:15,403.95
2021-03-01 20:23:15,408.1
2021-03-01 20:24:15,414.0
2021-03-01 20:25:15,416.75
2021-03-01 20:26:15,415.2
2021-03-01 20:27:15,412.9
2021-03-01 20:28:15,412.2
2021-03-01 20:29:15,412.2
2021-03-01 20:30:15,411.6
2021-03-01 20:31:15,409.95
2021-03-01 20:32:15,408.75
2021-03-01 20:33:15,407.45
2021-03-01 20:34:15,404.95
2021-03-01 20:35:15,402.45
2021-03-01 20:36:15,400.6
2021-03-01 20:37:15,399.65
2021-03-01 20:38:15,398.1
2021-03-01 20:39:15,397.5
2021-03-01 20:40:15,395.9
2021-03-01 20:41:15,394.95
2021-03-01 20:42:15,393.55
2021-03-01 20:43:15,393.05
2021-03-01 20:44:15,392.9
2021-03-01 20:45:15,392.0
2021-03-01 20:46:15,391.25
2021-03-01 20:47:15,390.7
2021-03-01 20:48:15,390.25
2021-03-01 20:49:15,389.7
2021-03-01 20:50:15,388.65
2021-03-01 20:52:57,386.02
2021-03-01 20:53:57,384.85
2021-03-01 20:54:57,384.35
2021-03-01 20:55:57,382.95
2021-03-01 20:56:57,382.3
2021-03-01 20:57:57,382.3
2021-03-01 20:58:57,382.05
2021-03-01 20:59:57,381.4
2021-03-01 21:00:57,382.0
2021-03-01 21:08:46,391.17
2021-03-01 21:09:46,390.8
2021-03-01 21:10:46,395.5
2021-03-01 21:11:46,396.05
2021-03-01 21:12:46,396.35
2021-03-01 21:13:46,397.9
2021-03-01 21:14:46,402.55
2021-03-01 21:15:46,405.95
2021-03-01 21:16:46,407.25
2021-03-01 21:17:46,432.9
2021-03-01 21:18:46,431.8
2021-03-01 21:19:46,426.5
2021-03-01 21:20:46,422.55
2021-03-01 21:21:46,423.9
2021-03-01 21:22:46,426.85
2021-03-01 21:23:46,431.45
2021-03-01 21:24:46,440.9
2021-03-01 21:25:46,443.4
2021-03-01 21:26:46,446.6
2021-03-01 21:27:46,450.3
2021-03-01 21:28:46,452.15
2021-03-01 21:29:46,454.0
2021-03-01 21:30:46,455.85
2021-03-01 21:31:46,457.4
2021-03-01 21:32:46,455.45
2021-03-01 21:33:46,456.2
2021-03-01 21:34:46,458.8
2021-03-01 21:35:46,462.65
2021-03-01 21:36:46,466.95
2021-03-01 21:37:46,469.45
2021-03-01 21:38:46,463.35
2021-03-01 21:39:46,459.25
2021-03-01 21:40:46,451.1
2021-03-01 21:41:46,448.45
2021-03-01 21:42:46,447.35
2021-03-01 21:43:46,450.8
2021-03-01 21:44:46,452.6
2021-03-01 21:45:46,458.15
2021-03-01 21:46:46,462.7
2021-03-01 21:47:46,459.1
2021-03-01 21:48:46,451.25
2021-03-01 21:49:46,447.15
2021-03-01 21:50:46,446.2
2021-03-01 21:51:46,443.15
2021-03-01 21:52:46,439.6
2021-03-01 21:53:46,437.0
2021-03-01 21:54:46,437.05
2021-03-01 22:49:18,1204.6
2021-03-01 23:23:41,1043.02
2021-03-01 23:35:29,504.43
2021-03-01 23:36:29,436.75
2021-03-01 23:37:29,474.2
2021-03-01 23:38:29,474.55
2021-03-01 23:39:29,597.75
2021-03-01 23:40:29,495.5
2021-03-01 23:45:39,431.33
2021-03-01 23:46:39,452.35
2021-03-01 23:47:39,419.95
2021-03-01 23:48:39,424.45
2021-03-01 23:49:39,422.55
2021-03-01 23:50:39,421.5
2021-03-01 23:51:39,459.3
2021-03-01 23:52:39,437.7
2021-03-01 23:53:39,421.8
2021-03-01 23:54:39,432.65
2021-03-01 23:55:39,430.35
2021-03-01 23:56:39,428.25
2021-03-01 23:57:39,429.4
2021-03-01 23:58:39,429.65
2021-03-01 23:59:39,428.8
2021-03-02 00:00:39,432.6
2021-03-02 00:01:39,429.35
2021-03-02 00:02:39,420.9
2021-03-02 00:03:39,441.3
2021-03-02 00:04:39,430.45
2021-03-02 00:05:39,420.5
2021-03-02 00:06:39,420.9
2021-03-02 00:07:39,419.0
2021-03-02 00:08:39,414.5
2021-03-02 00:09:39,415.8
2021-03-02 00:10:39,419.75
2021-03-02 00:11:39,421.5
2021-03-02 00:12:39,421.8
2021-03-02 00:13:39,426.65
2021-03-02 00:14:39,434.9
2021-03-02 00:15:39,441.0
2021-03-02 00:16:39,432.1
2021-03-02 01:12:38,410.57
2021-03-02 01:13:38,410.9
2021-03-02 01:14:38,415.75
2021-03-02 01:15:38,422.0
2021-03-02 01:16:38,427.75
2021-03-02 01:17:38,431.9
2021-03-02 01:18:38,436.5
2021-03-02 01:19:38,442.8
2021-03-02 01:20:38,446.6
2021-03-02 01:21:38,449.6
2021-03-02 01:22:38,452.45
2021-03-02 01:25:27,471.38
2021-03-02 01:26:27,471.8
2021-03-02 01:27:27,469.1
2021-03-02 01:28:27,469.1
2021-03-02 01:29:27,470.7
2021-03-02 01:30:27,470.95
2021-03-02 01:31:27,471.0
2021-03-02 01:32:27,471.25
2021-03-02 01:33:27,472.0
2021-03-02 01:35:49,473.29
2021-03-02 01:36:49,473.75
2021-03-02 01:37:49,474.55
2021-03-02 01:38:49,476.25
2021-03-02 01:39:49,476.45
2021-03-02 01:40:49,477.25
2021-03-02 01:41:49,477.4
2021-03-02 01:42:49,476.6
2021-03-02 01:43:49,476.05
2021-03-02 01:44:49,476.4
2021-03-02 01:45:49,476.7
2021-03-02 01:46:49,477.0
2021-03-02 01:47:49,477.0
2021-03-02 01:48:49,477.0
2021-03-02 01:49:49,476.05
2021-03-02 01:50:49,476.85
2021-03-02 01:51:49,477.0
2021-03-02 01:52:49,477.0
2021-03-02 01:53:49,476.8
2021-03-02 01:54:49,476.05
2021-03-02 01:55:49,476.0
2021-03-02 01:56:49,475.5
2021-03-02 01:57:49,475.0
2021-03-02 01:58:49,475.0
2021-03-02 01:59:49,475.2
2021-03-02 02:00:49,474.85
2021-03-02 02:01:49,474.75
2021-03-02 02:02:49,474.8
2021-03-02 02:03:49,475.15
2021-03-02 02:04:49,475.1
2021-03-02 02:05:49,474.55
2021-03-02 02:06:49,473.3
2021-03-02 02:09:11,470.24
2021-03-02 02:10:11,467.85
2021-03-02 02:11:11,466.5
2021-03-02 02:12:11,467.8
2021-03-02 02:13:11,468.6
2021-03-02 02:14:11,468.15
2021-03-02 02:15:11,468.15
2021-03-02 02:16:11,467.5
2021-03-02 02:17:11,467.0
2021-03-02 02:18:11,467.65
2021-03-02 02:19:11,467.0
2021-03-02 02:20:11,465.7
2021-03-02 02:21:11,465.55
2021-03-02 02:22:11,465.5
2021-03-02 02:23:11,465.65
2021-03-02 02:24:11,465.45
2021-03-02 02:25:11,465.65
2021-03-02 02:26:11,466.0
2021-03-02 02:27:11,465.2
2021-03-02 02:28:11,465.0
2021-03-02 02:29:11,464.95
2021-03-02 02:30:11,464.2
2021-03-02 02:31:11,464.2
2021-03-02 02:32:11,464.15
2021-03-02 02:33:11,463.85
2021-03-02 02:34:11,463.3
2021-03-02 02:35:11,463.55
2021-03-02 02:36:11,463.65
2021-03-02 02:37:11,463.45
2021-03-02 02:38:11,463.15
2021-03-02 02:39:11,462.05
2021-03-02 02:40:11,462.0
2021-03-02 02:41:11,462.0
2021-03-02 02:42:11,461.8
2021-03-02 02:43:11,461.0
2021-03-02 02:44:11,461.0
2021-03-02 02:45:11,460.55
2021-03-02 02:46:11,459.85
2021-03-02 02:47:11,459.45
2021-03-02 02:48:11,459.2
2021-03-02 02:49:11,459.45
2021-03-02 02:50:11,459.4
2021-03-02 02:51:11,459.0
2021-03-02 02:52:11,459.25
2021-03-02 02:53:11,459.0
2021-03-02 02:54:11,459.0
2021-03-02 02:55:11,458.6
2021-03-02 02:56:11,458.1
2021-03-02 02:57:11,458.3
2021-03-02 02:58:11,456.7
2021-03-02 03:01:11,456.0
2021-03-02 03:02:11,455.55
2021-03-02 03:03:11,455.0
2021-03-02 03:04:11,454.65
2021-03-02 03:05:11,454.15
2021-03-02 03:06:11,455.0
2021-03-02 03:07:11,454.35
2021-03-02 03:08:11,453.55
2021-03-02 03:09:11,453.0
2021-03-02 03:10:11,452.9
2021-03-02 03:11:11,453.1
2021-03-02 03:12:11,452.4
2021-03-02 03:13:11,452.0
2021-03-02 03:14:11,451.7
2021-03-02 03:15:11,451.75
2021-03-02 03:16:11,451.0
2021-03-02 03:17:11,450.75
2021-03-02 03:18:11,450.85
2021-03-02 03:19:11,449.85
2021-03-02 03:20:11,449.1
2021-03-02 03:21:11,449.35
2021-03-02 03:22:11,448.2
2021-03-02 03:23:11,448.0
2021-03-02 03:24:11,447.7
2021-03-02 03:25:11,446.8
2021-03-02 03:26:11,446.1
2021-03-02 03:27:11,447.0
2021-03-02 03:28:11,447.0
2021-03-02 03:29:11,446.9
2021-03-02 03:30:11,446.3
2021-03-02 03:31:11,446.1
2021-03-02 03:32:11,447.35
2021-03-02 03:33:11,446.85
2021-03-02 03:34:11,445.75
2021-03-02 03:35:11,444.15
2021-03-02 03:36:11,443.2
2021-03-02 03:37:11,443.15
2021-03-02 03:38:11,443.0
2021-03-02 03:39:11,443.0
2021-03-02 03:40:11,443.0
2021-03-02 03:41:11,443.0
2021-03-02 03:42:11,442.0
2021-03-02 03:43:11,441.05
2021-03-02 03:44:11,440.65
2021-03-02 03:45:11,440.5
2021-03-02 03:46:11,440.5
2021-03-02 03:47:11,439.85
2021-03-02 03:48:11,438.3
2021-03-02 03:49:11,438.0
2021-03-02 03:50:11,438.0
2021-03-02 03:51:11,438.0
2021-03-02 03:52:11,437.85
2021-03-02 03:53:11,438.0
2021-03-02 03:54:11,438.0
2021-03-02 03:55:11,437.15
2021-03-02 03:56:11,437.0
2021-03-02 03:57:11,437.0
2021-03-02 03:58:11,437.0
2021-03-02 03:59:11,437.0
2021-03-02 04:00:11,436.35
2021-03-02 04:01:11,435.75
2021-03-02 04:02:11,435.15
2021-03-02 04:03:11,435.0
2021-03-02 04:04:11,435.0
2021-03-02 04:05:11,434.6
2021-03-02 04:06:11,434.15
2021-03-02 04:07:11,434.15
2021-03-02 04:08:11,435.0
2021-03-02 04:09:11,434.05
2021-03-02 04:10:11,433.0
2021-03-02 04:11:11,433.0
2021-03-02 04:12:11,432.15
2021-03-02 04:13:11,432.0
2021-03-02 04:14:11,432.0
2021-03-02 04:15:11,431.8
2021-03-02 04:16:11,432.0
2021-03-02 04:17:11,431.65
2021-03-02 04:18:11,431.25
2021-03-02 04:19:11,431.0
2021-03-02 04:20:11,431.25
2021-03-02 04:21:11,431.45
2021-03-02 04:22:11,431.0
2021-03-02 04:23:11,430.75
2021-03-02 04:24:11,429.75
2021-03-02 04:25:11,429.7
2021-03-02 04:26:11,430.0
2021-03-02 04:27:11,430.0
2021-03-02 04:28:11,429.55
2021-03-02 04:29:11,429.0
2021-03-02 04:30:11,428.6
2021-03-02 04:31:11,429.0
2021-03-02 04:32:11,428.4
2021-03-02 04:33:11,428.25
2021-03-02 04:34:11,428.05
2021-03-02 04:35:11,428.0
2021-03-02 04:36:11,428.6
2021-03-02 04:37:11,429.0
2021-03-02 04:38:11,429.0
2021-03-02 04:39:11,428.1
2021-03-02 04:40:11,428.0
2021-03-02 04:41:11,427.95
2021-03-02 04:42:11,427.15
2021-03-02 04:43:11,427.0
2021-03-02 04:44:11,427.1
2021-03-02 04:45:11,427.4
2021-03-02 04:46:11,426.1
2021-03-02 04:47:11,426.55
2021-03-02 04:48:11,426.25
2021-03-02 04:49:11,426.0
2021-03-02 04:50:11,426.3
2021-03-02 04:51:11,427.05
2021-03-02 04:52:11,426.3
2021-03-02 04:53:11,425.55
2021-03-02 04:54:11,425.45
2021-03-02 04:55:11,425.9
2021-03-02 04:56:11,426.0
2021-03-02 04:57:11,426.0
2021-03-02 04:58:11,426.15
2021-03-02 04:59:11,426.1
2021-03-02 05:00:11,425.8
2021-03-02 05:01:11,425.5
2021-03-02 05:02:11,425.7
2021-03-02 05:03:11,426.0
2021-03-02 05:04:11,426.0
2021-03-02 05:05:11,426.05
2021-03-02 05:06:11,425.95
2021-03-02 05:07:11,425.85
2021-03-02 05:08:11,424.1
2021-03-02 05:09:11,423.2
2021-03-02 05:10:11,423.5
2021-03-02 05:11:11,423.25
2021-03-02 05:12:11,423.25
2021-03-02 05:13:11,424.0
2021-03-02 05:14:11,423.5
2021-03-02 05:15:11,423.85
2021-03-02 05:16:11,424.0
2021-03-02 05:17:11,423.7
2021-03-02 05:18:11,423.55
2021-03-02 05:19:11,423.8
2021-03-02 05:20:11,423.15
2021-03-02 05:21:11,423.2
2021-03-02 05:22:11,423.0
2021-03-02 05:23:11,423.0
2021-03-02 05:24:11,423.0
2021-03-02 05:25:11,422.95
2021-03-02 05:26:11,422.0
2021-03-02 05:27:11,422.0
2021-03-02 05:28:11,421.8
2021-03-02 05:29:11,421.0
2021-03-02 05:30:11,421.2
2021-03-02 05:31:11,421.0
2021-03-02 05:32:11,421.0
2021-03-02 05:33:11,421.0
2021-03-02 05:34:11,421.0
2021-03-02 05:35:11,421.0
2021-03-02 05:36:11,421.0
2021-03-02 05:37:11,421.0
2021-03-02 05:38:11,421.0
2021-03-02 05:39:11,421.0
2021-03-02 05:40:11,421.0
2021-03-02 05:41:11,421.9
2021-03-02 05:42:11,421.3
2021-03-02 05:43:11,420.85
2021-03-02 05:44:11,419.8
2021-03-02 05:45:11,419.9
2021-03-02 05:46:11,420.0
2021-03-02 05:47:11,420.0
2021-03-02 05:48:11,419.95
2021-03-02 05:49:11,419.45
2021-03-02 05:50:11,419.6
2021-03-02 05:51:11,419.0
2021-03-02 05:52:11,419.2
2021-03-02 05:53:11,420.0
2021-03-02 05:54:11,420.0
2021-03-02 05:55:11,420.0
2021-03-02 05:56:11,419.9
2021-03-02 05:57:11,419.0
2021-03-02 05:58:11,419.0
2021-03-02 05:59:11,419.0
2021-03-02 06:00:11,419.0
2021-03-02 06:01:11,418.65
2021-03-02 06:02:11,419.0
2021-03-02 06:03:11,419.0
2021-03-02 06:04:11,418.15
2021-03-02 06:05:11,418.0
2021-03-02 06:06:11,418.2
2021-03-02 06:07:11,418.2
2021-03-02 06:08:11,418.95
2021-03-02 06:09:11,418.05
2021-03-02 06:10:11,418.0
2021-03-02 06:11:11,418.0
2021-03-02 06:12:11,417.6
2021-03-02 06:13:11,417.2
2021-03-02 06:14:11,417.85
2021-03-02 06:15:11,417.65
2021-03-02 06:16:11,417.0
2021-03-02 06:17:11,416.4
2021-03-02 06:18:11,416.25
2021-03-02 06:19:11,417.75
2021-03-02 06:20:11,418.15
2021-03-02 06:21:11,418.55
2021-03-02 06:22:11,418.7
2021-03-02 06:23:11,418.15
2021-03-02 06:24:11,419.0
2021-03-02 06:25:11,419.0
2021-03-02 06:26:11,419.1
2021-03-02 06:27:11,419.1
2021-03-02 06:28:11,419.05
2021-03-02 06:29:11,419.0
2021-03-02 06:30:11,419.15
2021-03-02 06:31:11,419.35
2021-03-02 06:32:11,419.0
2021-03-02 06:33:11,419.0
2021-03-02 06:34:11,419.4
2021-03-02 06:35:11,420.0
2021-03-02 06:36:11,420.0
2021-03-02 06:37:11,420.0
2021-03-02 06:38:11,420.05
2021-03-02 06:39:11,420.85
2021-03-02 06:40:11,420.3
2021-03-02 06:41:11,421.0
2021-03-02 06:42:11,421.0
2021-03-02 06:43:11,421.0
2021-03-02 06:44:11,421.2
2021-03-02 06:45:11,421.6
2021-03-02 06:46:11,421.55
2021-03-02 06:47:11,422.55
2021-03-02 06:48:11,424.0
2021-03-02 06:49:11,422.55
2021-03-02 06:50:11,422.05
2021-03-02 06:51:11,422.0
2021-03-02 06:52:11,422.0
2021-03-02 06:53:11,422.0
2021-03-02 06:54:11,422.6
2021-03-02 06:55:11,422.5
2021-03-02 06:56:11,422.95
2021-03-02 06:57:11,423.0
2021-03-02 06:58:11,422.6
2021-03-02 06:59:11,422.0
2021-03-02 07:00:11,422.0
2021-03-02 07:02:52,424.07
2021-03-02 07:03:52,422.7
2021-03-02 07:04:52,423.05
2021-03-02 07:05:52,423.3
2021-03-02 07:06:52,423.75
2021-03-02 07:07:52,424.4
2021-03-02 07:08:52,424.35
2021-03-02 07:09:52,424.95
2021-03-02 07:10:52,424.0
2021-03-02 07:11:52,424.0
2021-03-02 07:12:52,424.0
2021-03-02 07:13:52,423.9
2021-03-02 07:14:52,423.95
2021-03-02 07:15:52,424.0
2021-03-02 07:16:52,424.3
2021-03-02 07:17:52,425.95
2021-03-02 07:18:52,426.0
2021-03-02 07:19:52,426.0
2021-03-02 07:20:52,426.6
2021-03-02 07:21:52,427.0
2021-03-02 07:22:52,427.0
2021-03-02 07:23:52,426.75
2021-03-02 07:24:52,426.25
2021-03-02 07:25:52,426.0
2021-03-02 07:26:52,426.45
2021-03-02 07:27:52,427.0
2021-03-02 07:28:52,427.0
2021-03-02 07:29:52,427.0
2021-03-02 07:30:52,427.0
2021-03-02 07:31:52,426.85
2021-03-02 07:32:52,426.15
2021-03-02 07:33:52,426.0
2021-03-02 07:34:52,426.1
2021-03-02 07:35:52,426.05
2021-03-02 07:36:52,425.15
2021-03-02 07:37:52,425.85
2021-03-02 07:38:52,426.25
2021-03-02 07:39:52,425.9
2021-03-02 07:40:52,425.55
2021-03-02 07:41:52,425.0
2021-03-02 07:42:52,425.6
2021-03-02 07:43:52,426.0
2021-03-02 07:44:52,426.0
2021-03-02 07:45:52,426.0
2021-03-02 07:46:52,426.0
2021-03-02 07:47:52,426.0
2021-03-02 07:48:52,426.0
2021-03-02 07:49:52,426.0
2021-03-02 07:50:52,426.0
2021-03-02 07:51:52,425.2
2021-03-02 07:52:52,425.6
2021-03-02 07:53:52,426.0
2021-03-02 07:54:52,426.7
2021-03-02 07:55:52,427.95
2021-03-02 07:56:52,428.0
2021-03-02 07:57:52,427.5
2021-03-02 07:58:52,428.0
2021-03-02 07:59:52,428.0
2021-03-02 08:00:52,428.15
2021-03-02 08:01:52,428.2
2021-03-02 08:02:52,429.0
2021-03-02 08:03:52,429.0
2021-03-02 08:04:52,428.45
2021-03-02 08:05:52,428.7
2021-03-02 08:06:52,428.5
2021-03-02 08:07:52,429.4
2021-03-02 08:08:52,428.5
2021-03-02 08:09:52,428.3
2021-03-02 08:10:52,428.0
2021-03-02 08:11:52,428.25
2021-03-02 08:12:52,428.0
2021-03-02 08:13:52,428.0
2021-03-02 08:14:52,428.0
2021-03-02 08:15:52,428.0
2021-03-02 08:16:52,428.0
2021-03-02 08:17:52,427.1
2021-03-02 08:18:52,426.35
2021-03-02 08:19:52,426.0
2021-03-02 08:22:21,426.71
2021-03-02 08:23:21,426.0
2021-03-02 08:24:21,426.0
2021-03-02 08:25:21,425.1
2021-03-02 08:26:21,408.25
2021-03-02 08:27:21,408.95
2021-03-02 08:28:21,408.45
2021-03-02 08:29:21,408.95
2021-03-02 08:30:21,409.0
2021-03-02 08:31:21,409.55
2021-03-02 08:32:21,409.8
2021-03-02 08:33:21,410.75
2021-03-02 08:34:21,411.7
2021-03-02 08:35:21,412.8
2021-03-02 08:36:21,413.25
2021-03-02 08:37:21,414.0
2021-03-02 08:38:21,414.8
2021-03-02 08:39:21,415.0
2021-03-02 08:40:21,415.0
2021-03-02 08:41:21,416.0
2021-03-02 08:42:21,416.85
2021-03-02 08:43:21,417.8
2021-03-02 08:44:21,417.0
2021-03-02 08:45:21,417.0
2021-03-02 08:46:21,416.95
2021-03-02 08:47:21,416.5
2021-03-02 08:48:21,416.0
2021-03-02 08:49:21,416.05
2021-03-02 08:50:21,416.0
2021-03-02 08:51:21,416.0
2021-03-02 08:52:21,415.85
2021-03-02 08:53:21,416.0
2021-03-02 08:54:21,416.0
2021-03-02 08:55:21,416.0
2021-03-02 08:56:21,415.95
2021-03-02 08:57:21,415.0
2021-03-02 08:58:21,414.95
2021-03-02 08:59:21,414.9
2021-03-02 09:00:21,414.75
2021-03-02 09:01:21,413.85
2021-03-02 09:02:21,413.15
2021-03-02 09:03:21,413.0
2021-03-02 09:04:21,412.65
2021-03-02 09:05:21,412.0
2021-03-02 09:06:21,411.3
2021-03-02 09:07:21,411.95
2021-03-02 09:08:21,411.75
2021-03-02 09:09:21,411.2
2021-03-02 09:10:21,410.8
2021-03-02 09:11:21,411.0
2021-03-02 09:12:21,411.0
2021-03-02 09:13:21,410.75
2021-03-02 09:14:21,410.0
2021-03-02 09:15:21,410.0
2021-03-02 09:16:21,409.9
2021-03-02 09:17:21,409.1
2021-03-02 09:18:21,409.15
2021-03-02 09:19:21,409.0
2021-03-02 09:20:21,409.0
2021-03-02 09:21:21,408.45
2021-03-02 09:22:21,407.8
2021-03-02 09:23:21,407.9
2021-03-02 09:25:21,407.43
2021-03-02 09:26:21,407.0
2021-03-02 09:27:21,406.6
2021-03-02 09:28:21,406.0
2021-03-02 09:29:21,406.0
2021-03-02 09:30:21,405.85
2021-03-02 09:31:21,405.0
2021-03-02 09:32:21,405.8
2021-03-02 09:33:21,405.9
2021-03-02 09:34:21,404.6
2021-03-02 09:35:21,404.15
2021-03-02 09:36:21,405.0
2021-03-02 09:37:21,404.5
2021-03-02 09:38:21,404.0
2021-03-02 09:39:21,403.8
2021-03-02 09:40:21,403.55
2021-03-02 09:41:21,403.9
2021-03-02 09:42:21,402.9
2021-03-02 09:43:21,402.2
2021-03-02 09:44:21,401.0
2021-03-02 09:45:21,400.95
2021-03-02 09:46:21,401.4
2021-03-02 09:47:21,402.0
2021-03-02 09:48:21,401.75
2021-03-02 09:49:21,401.55
2021-03-02 09:50:21,401.05
2021-03-02 09:51:21,401.05
2021-03-02 09:52:21,401.2
2021-03-02 09:53:21,401.05
2021-03-02 09:54:21,401.1
2021-03-02 09:55:21,401.0
2021-03-02 09:56:21,401.0
2021-03-02 09:57:21,400.45
2021-03-02 09:58:21,399.3
2021-03-02 09:59:21,399.0
2021-03-02 10:00:21,399.2
2021-03-02 10:01:21,399.65
2021-03-02 10:02:21,399.0
2021-03-02 10:03:21,399.0
2021-03-02 10:04:21,397.9
2021-03-02 10:05:21,398.6
2021-03-02 10:06:21,398.5
2021-03-02 10:07:21,396.6
2021-03-02 10:08:21,396.8
2021-03-02 10:09:21,396.4
2021-03-02 10:10:21,396.75
2021-03-02 10:11:21,397.0
2021-03-02 10:12:21,397.55
2021-03-02 10:13:21,398.2
2021-03-02 10:14:21,398.2
2021-03-02 10:15:21,397.0
2021-03-02 10:16:21,397.0
2021-03-02 10:17:21,397.0
2021-03-02 10:18:21,397.0
2021-03-02 10:19:21,397.0
2021-03-02 10:20:21,396.3
2021-03-02 10:21:21,396.05
2021-03-02 10:22:21,395.25
2021-03-02 10:23:21,395.0
2021-03-02 10:24:21,395.0
2021-03-02 10:25:21,394.95
2021-03-02 10:26:21,394.45
2021-03-02 10:27:21,395.0
2021-03-02 10:28:21,394.65
2021-03-02 10:29:21,395.0
2021-03-02 10:30:21,394.3
2021-03-02 10:31:21,394.0
2021-03-02 10:32:21,394.0
2021-03-02 10:33:21,393.4
2021-03-02 10:34:21,393.0
2021-03-02 10:35:21,393.0
2021-03-02 10:36:21,393.0
2021-03-02 10:37:21,393.2
2021-03-02 10:38:21,393.7
2021-03-02 10:39:21,393.65
2021-03-02 10:40:21,393.8
2021-03-02 10:41:21,392.95
2021-03-02 10:42:21,392.95
2021-03-02 10:43:21,393.0
2021-03-02 10:44:21,393.0
2021-03-02 10:45:21,393.0
2021-03-02 10:46:21,393.1
2021-03-02 10:47:21,393.1
2021-03-02 10:48:21,393.75
2021-03-02 10:49:21,394.0
2021-03-02 10:50:21,394.65
2021-03-02 10:51:21,395.0
2021-03-02 10:52:21,394.85
2021-03-02 10:53:21,408.6
2021-03-02 11:31:06,1259.55
2021-03-02 11:32:06,1121.15
2021-03-02 11:33:06,1198.75
2021-03-02 11:34:06,1061.8
2021-03-02 11:35:06,985.85
2021-03-02 11:36:06,966.25
2021-03-02 11:37:06,1020.1
2021-03-02 11:38:06,1063.6
2021-03-02 11:39:06,1086.2
2021-03-02 11:40:06,1091.7
2021-03-02 11:41:06,1070.6
2021-03-02 11:42:06,957.55
2021-03-02 11:43:06,980.6
2021-03-02 11:44:06,980.25
2021-03-02 11:45:06,974.45
2021-03-02 11:46:06,962.25
2021-03-02 11:47:06,880.75
2021-03-02 11:48:06,832.9
2021-03-02 11:49:06,786.45
2021-03-02 11:50:06,749.95
2021-03-02 11:51:06,805.25
2021-03-02 11:52:06,659.25
2021-03-02 11:53:06,550.35
2021-03-02 11:54:06,577.05
2021-03-02 11:55:06,569.5
2021-03-02 11:56:06,509.55
2021-03-02 11:58:31,430.21
2021-03-02 11:59:31,415.35
2021-03-02 12:00:31,407.95
2021-03-02 12:01:31,401.25
2021-03-02 12:02:31,394.4
2021-03-02 12:03:31,389.75
2021-03-02 12:04:31,383.35
2021-03-02 12:05:31,377.1
2021-03-02 12:07:31,374.95
2021-03-02 12:08:31,374.65
2021-03-02 12:09:31,375.6
2021-03-02 12:10:31,376.5
2021-03-02 12:11:31,376.9
2021-03-02 12:12:31,375.85
2021-03-02 12:15:51,378.0
2021-03-02 12:18:33,401.07
2021-03-02 12:19:33,396.05
2021-03-02 12:20:33,393.45
2021-03-02 12:21:33,393.0
2021-03-02 12:22:51,394.29
2021-03-02 12:23:51,394.25
2021-03-02 12:24:51,395.55
2021-03-02 12:25:51,396.65
2021-03-02 12:26:51,398.45
2021-03-02 12:27:51,399.9
2021-03-02 12:28:51,403.95
2021-03-02 12:29:51,410.4
2021-03-02 12:30:51,416.0
2021-03-02 12:31:51,420.5
2021-03-02 12:32:51,424.1
2021-03-02 12:33:51,427.55
2021-03-02 12:34:51,425.6
2021-03-02 12:35:51,423.1
2021-03-02 12:36:51,421.0
2021-03-02 12:37:51,416.65
2021-03-02 12:38:51,412.55
2021-03-02 12:39:51,412.05
2021-03-02 12:40:51,411.8
2021-03-02 12:43:48,406.36
2021-03-02 12:44:48,404.25
2021-03-02 12:45:48,403.2
2021-03-02 12:54:08,504.69
2021-03-02 12:55:08,506.75
2021-03-02 12:56:08,517.05
2021-03-02 12:57:08,527.75
2021-03-02 12:58:08,521.1
2021-03-02 12:59:08,503.36
2021-03-02 13:07:07,452.67
2021-03-02 13:08:07,455.15
2021-03-02 13:09:07,453.25
2021-03-02 13:10:07,449.55
2021-03-02 13:11:07,445.6
2021-03-02 13:12:07,435.85
2021-03-02 13:13:07,432.9
2021-03-02 13:14:07,432.65
2021-03-02 13:15:07,515.1
2021-03-02 13:16:07,724.5
2021-03-02 13:17:07,756.9
2021-03-02 13:18:07,892.4
2021-03-02 13:19:07,927.95
2021-03-02 13:20:07,927.15
2021-03-02 13:21:07,935.7
2021-03-02 13:22:07,935.8
2021-03-02 13:23:07,918.9
2021-03-02 13:24:07,914.05
2021-03-02 13:25:07,931.25
2021-03-02 13:26:07,1389.75
2021-03-02 13:27:07,1590.15
2021-03-02 13:28:07,1421.2
2021-03-02 13:29:07,1477.65
2021-03-02 13:30:07,1556.75
2021-03-02 13:31:07,1567.25
2021-03-02 13:32:07,1553.8
2021-03-02 13:33:07,1511.35
2021-03-02 13:34:07,1526.05
2021-03-02 13:35:07,1489.45
2021-03-02 13:36:07,1389.65
2021-03-02 13:37:07,1411.3
2021-03-02 13:38:07,1446.85
2021-03-02 13:39:07,1450.3
2021-03-02 13:40:07,1455.65
2021-03-02 13:41:07,1416.5
2021-03-02 13:44:28,1342.5
2021-03-02 13:45:28,1319.3
2021-03-02 13:46:28,1306.1
2021-03-02 13:47:28,1301.15
2021-03-02 13:48:28,1270.65
2021-03-02 13:49:28,1253.65
2021-03-02 13:50:28,1228.05
2021-03-02 13:51:28,1215.05
2021-03-02 13:52:28,1213.15
2021-03-02 13:53:28,1196.15
2021-03-02 13:54:28,1173.8
2021-03-02 13:55:28,1161.3
2021-03-02 13:56:28,1134.15
2021-03-02 13:57:28,1112.55
2021-03-02 13:58:28,1109.8
2021-03-02 13:59:28,1109.0
2021-03-02 14:00:28,1098.0
2021-03-02 14:01:28,1096.5
2021-03-02 14:02:28,1096.85
2021-03-02 14:03:28,1061.3
2021-03-02 14:04:28,1037.5
2021-03-02 14:05:28,1052.2
2021-03-02 14:06:28,1063.95
2021-03-02 14:07:28,1065.45
2021-03-02 14:08:28,1027.5
2021-03-02 14:09:28,1004.05
2021-03-02 14:11:31,986.74
2021-03-02 14:12:31,983.2
2021-03-02 14:13:31,966.0
2021-03-02 14:14:31,946.35
2021-03-02 14:15:31,935.5
2021-03-02 14:16:31,935.3
2021-03-02 14:17:31,931.1
2021-03-02 14:18:31,925.0
2021-03-02 14:19:31,919.4
2021-03-02 14:20:31,930.8
2021-03-02 14:21:31,930.45
2021-03-02 14:22:31,912.6
2021-03-02 14:23:31,896.6
2021-03-02 14:24:31,879.9
2021-03-02 14:25:31,864.7
2021-03-02 14:26:31,861.85
2021-03-02 14:27:31,859.15
2021-03-02 14:28:31,858.7
2021-03-02 14:29:31,843.5
2021-03-02 14:30:31,816.35
2021-03-02 14:31:31,810.65
2021-03-02 14:32:31,818.3
2021-03-02 14:33:31,827.6
2021-03-02 14:34:31,818.8
2021-03-02 14:35:31,804.5
2021-03-02 14:36:31,796.3
2021-03-02 14:37:31,781.3
2021-03-02 14:38:31,779.35
2021-03-02 14:39:31,784.1
2021-03-02 14:40:31,775.35
2021-03-02 14:41:31,763.15
2021-03-02 14:42:31,761.1
2021-03-02 14:43:31,756.6
2021-03-02 14:44:31,743.25
2021-03-02 14:45:31,727.35
2021-03-02 14:46:31,718.1
2021-03-02 14:47:31,713.5
2021-03-02 14:48:31,711.85
2021-03-02 17:36:45,522.95
2021-03-02 17:37:45,530.6
2021-03-02 17:38:45,533.55
2021-03-02 17:39:45,532.05
2021-03-02 17:40:45,532.55
2021-03-02 17:41:45,533.7
2021-03-02 17:42:45,532.75
2021-03-02 17:43:45,533.0
2021-03-02 17:44:45,532.95
2021-03-02 17:45:45,530.7
2021-03-02 17:46:45,522.3
2021-03-02 17:47:45,515.25
2021-03-02 17:48:45,507.4
2021-03-02 17:49:45,569.1
2021-03-02 17:50:45,890.05
2021-03-02 17:51:45,3303.7
2021-03-02 17:52:45,4590.4
2021-03-02 17:53:45,4935.2
2021-03-02 17:54:45,5203.1
2021-03-02 17:55:45,5483.3
2021-03-02 17:56:45,5836.95
2021-03-02 17:57:45,6155.95
2021-03-02 17:58:45,6372.3
2021-03-02 17:59:45,6693.4
2021-03-02 18:00:45,6893.45
2021-03-02 18:01:45,7139.8
2021-03-02 18:02:45,7383.85
2021-03-02 18:03:45,7632.9
2021-03-02 18:04:45,7833.1
2021-03-02 18:05:45,8010.05
2021-03-02 18:06:45,8187.5
2021-03-02 18:07:45,8324.45
2021-03-02 18:13:17,8799.79
2021-03-02 18:14:17,8761.25
2021-03-02 18:15:17,8749.3
2021-03-02 18:16:17,8786.55
2021-03-02 18:17:17,8859.55
2021-03-02 18:18:17,8909.5
2021-03-02 18:19:17,8957.85
2021-03-02 18:20:17,9001.65
2021-03-02 18:21:17,9068.4
2021-03-02 18:22:17,9119.65
2021-03-02 18:23:17,9174.0
2021-03-02 18:24:17,9255.8
2021-03-02 18:25:17,9255.55
2021-03-02 18:26:17,8891.0
2021-03-02 18:27:17,8292.15
2021-03-02 18:28:17,8045.6
2021-03-02 18:29:17,7901.65
2021-03-02 18:30:17,7807.7
2021-03-02 18:31:17,7743.45
2021-03-02 18:32:17,7665.8
2021-03-02 18:33:17,7578.95
2021-03-02 18:34:17,7498.9
2021-03-02 18:35:17,7417.45
2021-03-02 18:36:17,7344.3
2021-03-02 18:37:17,7293.9
2021-03-02 18:38:17,7254.3
2021-03-02 18:39:17,7219.15
2021-03-02 18:40:17,7170.0
2021-03-02 18:41:17,7129.0
2021-03-02 18:42:17,7076.9
2021-03-02 18:43:17,7041.7
2021-03-02 18:44:17,6990.75
2021-03-02 18:45:17,6933.4
2021-03-02 18:46:17,6865.75
2021-03-02 18:47:17,6784.95
2021-03-02 18:48:17,6744.95
2021-03-02 18:49:17,6728.25
2021-03-02 18:50:17,6718.05
2021-03-02 18:51:17,6715.85
2021-03-02 18:52:17,6702.4
2021-03-02 18:53:17,6676.2
2021-03-02 18:54:17,6648.95
2021-03-02 18:55:17,6640.3
2021-03-02 18:56:17,6622.35
2021-03-02 18:57:17,6593.8
2021-03-02 18:58:17,6550.4
2021-03-02 18:59:17,6500.2
2021-03-02 19:00:17,6493.0
2021-03-02 19:01:17,6495.1
2021-03-02 19:02:17,6479.35
2021-03-02 19:03:17,6361.0
2021-03-02 19:04:17,6269.4
2021-03-02 19:05:17,6233.6
2021-03-02 19:06:17,6220.35
2021-03-02 19:07:17,6220.2
2021-03-02 19:08:17,6222.4
2021-03-02 19:09:17,6200.2
2021-03-02 19:10:17,6166.85
2021-03-02 19:11:17,6142.35
2021-03-02 19:12:17,6133.45
2021-03-02 19:13:17,6117.2
2021-03-02 19:14:17,6083.5
2021-03-02 19:15:17,5957.7
2021-03-02 19:16:17,5705.8
2021-03-02 19:17:17,5708.95
2021-03-02 19:18:17,5312.5
2021-03-02 19:19:17,3386.95
2021-03-02 19:20:17,2720.0
2021-03-02 19:21:17,2885.85
2021-03-02 19:22:17,2772.05
2021-03-02 19:23:17,2033.25
2021-03-02 19:24:17,1627.3
2021-03-02 19:25:17,1352.2
2021-03-02 19:26:17,1338.7
2021-03-02 19:27:17,1357.2
2021-03-02 19:28:17,1370.35
2021-03-02 19:29:17,1374.3
2021-03-02 19:30:17,1383.65
2021-03-02 19:31:17,1375.3
2021-03-02 19:32:17,1351.3
2021-03-02 19:33:17,1316.15
2021-03-02 19:34:17,1290.7
2021-03-02 19:35:17,1276.75
2021-03-02 19:36:17,1267.1
2021-03-02 19:37:17,1250.8
2021-03-02 19:38:17,1222.4
2021-03-02 19:39:17,1190.25
2021-03-02 19:40:17,1164.8
2021-03-02 19:41:17,1154.2
2021-03-02 19:42:17,1148.7
2021-03-02 19:43:17,1129.1
2021-03-02 19:44:17,1114.5
2021-03-02 19:45:17,1115.35
2021-03-02 19:46:17,1104.25
2021-03-02 19:47:17,1078.8
2021-03-02 19:48:17,1058.25
2021-03-02 19:49:17,1042.35
2021-03-02 19:50:17,1018.05
2021-03-02 19:51:17,979.55
2021-03-02 19:52:17,940.85
2021-03-02 19:53:17,901.95
2021-03-02 19:54:17,871.65
2021-03-02 19:55:17,841.7
2021-03-02 19:56:17,815.9
2021-03-02 19:57:17,799.35
2021-03-02 19:58:17,789.65
2021-03-02 19:59:17,784.65
2021-03-02 20:00:17,769.45
2021-03-02 20:01:17,766.65
2021-03-02 20:02:17,771.6
2021-03-02 20:03:17,775.9
2021-03-02 20:04:17,776.85
2021-03-02 20:05:17,786.75
2021-03-02 20:06:17,790.35
2021-03-02 20:07:17,793.05
2021-03-02 20:08:17,794.45
2021-03-02 20:09:17,791.15
2021-03-02 20:10:17,789.25
2021-03-02 20:12:44,759.24
2021-03-02 20:13:44,760.15
2021-03-02 20:14:44,756.95
2021-03-02 20:15:44,749.15
2021-03-02 20:16:44,739.2
2021-03-02 20:17:44,728.3
2021-03-02 20:18:44,708.35
2021-03-02 20:19:44,695.0
2021-03-02 20:20:44,682.95
2021-03-02 20:21:44,674.35
2021-03-02 20:22:44,668.95
2021-03-02 20:23:44,664.2
2021-03-02 20:24:44,658.25
2021-03-02 20:25:44,650.25
2021-03-02 20:26:44,650.0
2021-03-02 20:27:44,650.0
2021-03-02 20:28:44,645.25
2021-03-02 20:29:44,634.8
2021-03-02 20:30:44,618.6
2021-03-02 20:31:44,593.4
2021-03-02 20:32:44,579.55
2021-03-02 20:33:44,576.2
2021-03-02 20:34:44,583.4
2021-03-02 20:35:44,600.6
2021-03-02 20:36:44,610.8
2021-03-02 20:37:44,615.9
2021-03-02 20:38:44,617.2
2021-03-02 20:39:44,620.6
2021-03-02 20:40:44,624.65
2021-03-02 20:41:44,625.6
2021-03-02 20:42:44,630.95
2021-03-02 20:43:44,639.9
2021-03-02 20:44:44,637.5
2021-03-02 20:45:44,631.9
2021-03-02 20:46:44,628.95
2021-03-02 20:47:44,626.15
2021-03-02 20:48:44,637.9
2021-03-02 20:49:44,639.6
2021-03-02 20:50:44,654.1
2021-03-02 20:51:44,661.3
2021-03-02 20:52:44,668.65
2021-03-02 20:53:44,670.3
2021-03-02 20:56:43,674.0
2021-03-02 20:57:43,693.05
2021-03-02 20:58:43,760.25
2021-03-02 20:59:43,764.4
2021-03-02 21:00:43,775.5
2021-03-02 21:01:43,770.45
2021-03-02 21:02:43,760.9
2021-03-02 21:03:43,772.7
2021-03-02 21:04:43,778.55
2021-03-02 21:05:43,788.45
2021-03-02 21:06:43,803.35
2021-03-02 21:07:43,811.85
2021-03-02 21:08:43,823.55
2021-03-02 21:09:43,827.4
2021-03-02 21:10:43,826.9
2021-03-02 21:11:43,827.15
2021-03-02 21:12:43,832.7
2021-03-02 21:13:43,826.85
2021-03-02 21:14:43,798.65
2021-03-02 21:17:49,764.5
2021-03-02 21:18:49,741.4
2021-03-02 21:19:49,730.45
2021-03-02 21:20:49,721.7
2021-03-02 21:21:49,707.95
2021-03-02 21:22:49,714.8
2021-03-02 21:23:49,722.8
2021-03-02 21:24:49,727.15
2021-03-02 21:25:49,722.7
2021-03-02 21:26:49,719.85
2021-03-02 21:27:49,709.1
2021-03-02 21:28:49,697.6
2021-03-02 21:29:49,695.9
2021-03-02 21:30:49,696.4
2021-03-02 21:31:49,699.65
2021-03-02 21:32:49,702.8
2021-03-02 21:33:49,700.7
2021-03-02 21:34:49,700.4
2021-03-02 21:35:49,695.0
2021-03-02 21:36:49,680.15
2021-03-02 21:37:49,668.55
2021-03-02 21:38:49,663.75
2021-03-02 21:39:49,665.95
2021-03-02 21:40:49,671.5
2021-03-02 21:41:49,674.95
2021-03-02 21:42:49,676.15
2021-03-02 21:43:49,664.55
2021-03-02 21:44:49,655.15
2021-03-02 21:45:49,649.45
2021-03-02 21:46:49,641.7
2021-03-02 21:47:49,636.85
2021-03-02 21:48:49,632.9
2021-03-02 21:49:49,632.3
2021-03-02 21:50:49,635.1
2021-03-02 21:51:49,646.75
2021-03-02 21:52:49,653.4
2021-03-02 21:53:49,656.6
2021-03-02 21:54:49,660.4
2021-03-02 21:55:49,659.35
2021-03-02 21:56:49,659.8
2021-03-02 21:57:49,665.95
2021-03-02 21:58:49,674.0
2021-03-02 21:59:49,676.55
2021-03-02 22:00:49,678.45
2021-03-02 22:01:49,676.6
2021-03-02 22:02:49,669.25
2021-03-02 22:03:49,662.8
2021-03-02 22:04:49,663.65
2021-03-02 22:05:49,669.7
2021-03-02 22:06:49,672.6
2021-03-02 22:07:49,664.6
2021-03-02 22:08:49,647.3
2021-03-02 22:09:49,631.9
2021-03-02 22:10:49,617.05
2021-03-02 22:11:49,601.25
2021-03-02 22:12:49,603.45
2021-03-02 22:13:49,618.25
2021-03-02 22:14:49,623.7
2021-03-02 22:15:49,619.85
2021-03-02 22:16:49,612.9
2021-03-02 22:17:49,598.35
2021-03-02 22:18:49,588.55
2021-03-02 22:19:49,576.5
2021-03-02 22:20:49,568.45
2021-03-02 22:21:49,562.15
2021-03-02 22:22:49,559.35
2021-03-02 22:23:49,553.2
2021-03-02 22:24:49,552.85
2021-03-02 22:25:49,551.9
2021-03-02 22:26:49,546.85
2021-03-02 22:27:49,541.2
2021-03-02 22:28:49,539.15
2021-03-02 22:29:49,545.75
2021-03-02 22:30:49,548.4
2021-03-02 22:31:49,552.85
2021-03-02 22:32:49,560.8
2021-03-02 22:33:49,575.3
2021-03-02 22:34:49,590.05
2021-03-02 22:35:49,595.35
2021-03-02 22:36:49,592.7
2021-03-02 22:37:49,591.2
2021-03-02 22:38:49,585.65
2021-03-02 22:39:49,568.05
2021-03-02 22:40:49,557.25
2021-03-02 22:41:49,561.7
2021-03-02 22:42:49,589.45
2021-03-02 22:43:49,596.85
2021-03-02 22:44:49,591.9
2021-03-02 22:46:45,560.38
2021-03-02 22:47:45,568.4
2021-03-02 22:48:45,587.45
2021-03-02 22:49:45,594.95
2021-03-02 22:50:45,602.1
2021-03-02 22:51:45,615.6
2021-03-02 22:52:45,626.65
2021-03-02 22:53:45,621.9
2021-03-02 22:54:45,610.85
2021-03-02 22:55:45,597.5
2021-03-02 22:56:45,583.1
2021-03-02 22:57:45,575.95
2021-03-02 22:58:45,577.4
2021-03-02 22:59:45,592.7
2021-03-02 23:00:45,595.0
2021-03-02 23:01:45,589.6
2021-03-02 23:02:45,586.0
2021-03-02 23:03:45,587.35
2021-03-02 23:04:45,599.85
2021-03-02 23:05:45,626.9
2021-03-02 23:06:45,634.25
2021-03-02 23:07:45,640.95
2021-03-02 23:08:45,642.2
2021-03-02 23:09:45,627.65
2021-03-02 23:10:45,628.65
2021-03-02 23:11:45,624.5
2021-03-02 23:12:45,613.75
2021-03-02 23:13:45,628.15
2021-03-02 23:14:45,627.35
2021-03-02 23:15:45,620.0
2021-03-02 23:16:45,612.45
2021-03-02 23:17:45,603.55
2021-03-02 23:18:45,596.65
2021-03-02 23:19:45,604.45
2021-03-02 23:20:45,610.35
2021-03-02 23:21:45,614.05
2021-03-02 23:22:45,637.35
2021-03-02 23:23:45,662.35
2021-03-02 23:24:45,662.3
2021-03-02 23:25:45,630.45
2021-03-02 23:26:45,614.5
2021-03-02 23:27:45,613.6
2021-03-02 23:28:45,599.35
2021-03-02 23:29:45,584.85
2021-03-02 23:30:45,583.6
2021-03-02 23:33:05,633.88
2021-03-02 23:34:05,647.3
2021-03-02 23:35:05,653.85
2021-03-02 23:36:05,667.8
2021-03-02 23:37:05,654.6
2021-03-02 23:38:05,650.35
2021-03-02 23:39:05,646.65
2021-03-02 23:40:05,633.75
2021-03-02 23:41:05,623.45
2021-03-02 23:42:05,632.2
2021-03-02 23:43:05,632.65
2021-03-02 23:44:05,650.9
2021-03-02 23:45:05,657.7
2021-03-02 23:46:05,657.45
2021-03-02 23:47:05,623.85
2021-03-02 23:48:05,587.55
2021-03-02 23:49:05,567.4
2021-03-02 23:50:05,545.15
2021-03-02 23:51:05,534.6
2021-03-02 23:52:05,542.7
2021-03-02 23:53:05,542.6
2021-03-02 23:54:05,541.95
2021-03-02 23:55:05,544.85
2021-03-02 23:56:05,551.35
2021-03-02 23:57:05,553.9
2021-03-02 23:58:05,561.1
2021-03-03 00:06:05,622.0
2021-03-03 00:07:04,617.85
2021-03-03 00:08:04,588.6
2021-03-03 00:09:04,575.55
2021-03-03 00:10:04,579.05
2021-03-03 00:11:04,575.2
2021-03-03 00:12:04,581.1
2021-03-03 00:13:04,598.7
2021-03-03 00:14:04,609.65
2021-03-03 00:15:04,619.15
2021-03-03 00:16:04,615.85
2021-03-03 00:17:04,616.45
2021-03-03 00:18:04,615.7
2021-03-03 00:19:04,625.4
2021-03-03 00:20:04,622.85
2021-03-03 00:21:04,612.7
2021-03-03 00:22:04,608.5
2021-03-03 00:23:04,596.35
2021-03-03 00:24:04,609.65
2021-03-03 00:25:04,618.65
2021-03-03 00:27:26,577.29
2021-03-03 00:28:26,570.9
2021-03-03 00:29:26,577.2
2021-03-03 00:30:26,597.55
2021-03-03 00:31:26,607.8
2021-03-03 00:32:26,618.85
2021-03-03 00:33:26,610.65
2021-03-03 00:34:26,595.1
2021-03-03 00:35:26,582.6
2021-03-03 00:36:26,566.1
2021-03-03 00:37:26,551.95
2021-03-03 00:38:26,561.6
2021-03-03 00:39:26,593.65
2021-03-03 00:40:26,601.95
2021-03-03 00:41:26,604.45
2021-03-03 00:42:26,611.35
2021-03-03 00:43:26,592.5
2021-03-03 00:44:26,569.7
2021-03-03 00:45:26,550.9
2021-03-03 00:46:26,540.6
2021-03-03 00:47:26,536.1
2021-03-03 00:48:26,540.85
2021-03-03 00:49:26,546.6
2021-03-03 00:50:26,557.7
2021-03-03 00:51:26,585.9
2021-03-03 00:52:26,604.45
2021-03-03 00:53:26,606.95
2021-03-03 00:54:26,610.3
2021-03-03 00:55:26,616.95
2021-03-03 00:56:26,635.45
2021-03-03 00:57:26,639.3
2021-03-03 00:58:26,637.45
2021-03-03 00:59:26,657.35
2021-03-03 01:00:26,673.25
2021-03-03 01:01:26,683.65
2021-03-03 01:02:26,672.5
2021-03-03 01:03:26,656.55
2021-03-03 01:04:26,642.7
2021-03-03 01:05:26,638.7
2021-03-03 01:06:26,628.85
2021-03-03 01:07:26,602.6
2021-03-03 01:08:26,578.55
2021-03-03 01:09:26,563.85
2021-03-03 01:10:26,555.75
2021-03-03 01:11:26,551.65
2021-03-03 01:12:26,556.85
2021-03-03 01:13:26,554.75
2021-03-03 01:14:26,543.0
2021-03-03 01:15:26,536.55
2021-03-03 01:16:26,532.45
2021-03-03 01:17:26,540.65
2021-03-03 01:18:26,540.7
2021-03-03 01:19:26,541.0
2021-03-03 01:20:26,537.75
2021-03-03 01:21:26,536.4
2021-03-03 01:22:26,527.6
2021-03-03 01:23:26,514.65
2021-03-03 01:24:26,503.95
2021-03-03 01:25:26,499.95
2021-03-03 01:26:26,511.45
2021-03-03 01:27:26,520.6
2021-03-03 01:28:26,530.5
2021-03-03 01:29:26,535.05
2021-03-03 01:30:26,537.65
2021-03-03 01:31:26,542.95
2021-03-03 01:32:26,534.85
2021-03-03 01:33:26,529.65
2021-03-03 01:34:26,529.75
2021-03-03 01:35:26,525.4
2021-03-03 01:36:26,520.0
2021-03-03 01:37:26,519.95
2021-03-03 01:38:26,523.9
2021-03-03 01:39:26,531.0
2021-03-03 01:40:26,544.75
2021-03-03 01:41:26,593.9
2021-03-03 01:42:26,629.85
2021-03-03 01:43:26,624.5
2021-03-03 01:44:26,599.5
2021-03-03 01:45:26,576.6
2021-03-03 01:46:26,563.05
2021-03-03 01:47:26,550.1
2021-03-03 01:48:26,541.0
2021-03-03 01:49:26,539.6
2021-03-03 01:50:26,545.85
2021-03-03 01:51:26,551.8
2021-03-03 01:52:26,555.3
2021-03-03 01:53:26,564.55
2021-03-03 01:54:26,565.45
2021-03-03 01:55:26,565.15
2021-03-03 01:56:26,570.3
2021-03-03 01:57:26,579.7
2021-03-03 01:58:26,592.55
2021-03-03 01:59:26,589.15
2021-03-03 02:00:26,579.5
2021-03-03 02:01:26,605.2
2021-03-03 02:02:26,629.6
2021-03-03 02:03:26,633.35
2021-03-03 02:04:26,623.15
2021-03-03 02:05:26,609.95
2021-03-03 02:06:26,608.45
2021-03-03 02:07:26,601.0
2021-03-03 02:08:26,594.75
2021-03-03 02:09:26,594.3
2021-03-03 02:10:26,606.1
2021-03-03 02:11:26,612.35
2021-03-03 02:12:26,610.35
2021-03-03 02:13:26,612.4
2021-03-03 02:14:26,608.8
2021-03-03 02:15:26,587.55
2021-03-03 02:16:26,561.15
2021-03-03 02:17:26,550.6
2021-03-03 02:18:26,532.15
2021-03-03 02:19:26,518.9
2021-03-03 02:20:26,510.4
2021-03-03 02:21:26,509.3
2021-03-03 02:22:26,511.95
2021-03-03 02:23:26,517.0
2021-03-03 02:24:26,539.65
2021-03-03 02:25:26,573.1
2021-03-03 02:26:26,576.15
2021-03-03 02:27:26,583.4
2021-03-03 02:28:26,585.0
2021-03-03 02:29:26,584.55
2021-03-03 02:30:26,578.4
2021-03-03 02:31:26,576.6
2021-03-03 02:32:26,577.45
2021-03-03 02:33:26,580.75
2021-03-03 02:34:26,583.65
2021-03-03 02:35:26,585.15
2021-03-03 02:36:26,600.1
2021-03-03 02:37:26,616.65
2021-03-03 02:38:26,631.05
2021-03-03 02:39:26,626.05
2021-03-03 02:40:26,610.3
2021-03-03 02:41:26,596.6
2021-03-03 02:42:26,588.0
2021-03-03 02:43:26,572.55
2021-03-03 02:44:26,553.85
2021-03-03 02:45:26,539.6
2021-03-03 02:46:26,529.85
2021-03-03 02:47:26,525.65
2021-03-03 02:48:26,526.2
2021-03-03 02:49:26,518.1
2021-03-03 02:50:26,507.5
2021-03-03 02:51:26,507.3
2021-03-03 02:52:26,525.8
2021-03-03 02:53:26,536.45
2021-03-03 02:54:26,538.6
2021-03-03 02:55:26,535.55
2021-03-03 02:56:26,536.3
2021-03-03 02:57:26,558.85
2021-03-03 02:58:26,580.15
2021-03-03 02:59:26,596.7
2021-03-03 03:00:26,604.2
2021-03-03 03:01:26,607.0
2021-03-03 03:02:26,590.85
2021-03-03 03:03:26,567.25
2021-03-03 03:04:26,540.6
2021-03-03 03:05:26,522.55
2021-03-03 03:06:26,509.6
2021-03-03 03:07:26,508.1
2021-03-03 03:08:26,503.6
2021-03-03 03:09:26,503.55
2021-03-03 03:10:26,503.85
2021-03-03 03:11:26,503.75
2021-03-03 03:12:26,505.1
2021-03-03 03:13:26,521.2
2021-03-03 03:14:26,531.5
2021-03-03 03:15:26,531.25
2021-03-03 03:16:26,532.9
2021-03-03 03:17:26,532.85
2021-03-03 03:18:26,543.05
2021-03-03 03:19:26,547.0
2021-03-03 03:20:26,543.4
2021-03-03 03:21:26,553.55
2021-03-03 03:22:26,557.65
2021-03-03 03:23:26,574.75
2021-03-03 03:24:26,590.3
2021-03-03 03:25:26,592.4
2021-03-03 03:26:26,586.1
2021-03-03 03:27:26,581.65
2021-03-03 03:28:26,590.15
2021-03-03 03:29:26,612.4
2021-03-03 03:30:26,637.15
2021-03-03 03:31:26,661.0
2021-03-03 03:32:26,669.4
2021-03-03 03:33:26,660.55
2021-03-03 03:34:26,618.75
2021-03-03 03:35:26,615.95
2021-03-03 03:36:26,625.1
2021-03-03 03:37:26,621.75
2021-03-03 03:38:26,617.0
2021-03-03 03:39:26,606.8
2021-03-03 03:40:26,585.15
2021-03-03 03:41:26,561.4
2021-03-03 03:42:26,540.75
2021-03-03 03:43:26,525.15
2021-03-03 03:44:26,512.2
2021-03-03 03:45:26,503.15
2021-03-03 03:46:26,499.8
2021-03-03 03:47:26,496.45
2021-03-03 03:48:26,492.9
2021-03-03 03:49:26,492.25
2021-03-03 03:50:26,492.15
2021-03-03 03:51:26,492.95
2021-03-03 03:52:26,492.4
2021-03-03 03:53:26,495.05
2021-03-03 03:54:26,501.45
2021-03-03 03:55:26,500.45
2021-03-03 03:56:26,501.2
2021-03-03 03:57:26,499.5
2021-03-03 03:58:26,501.85
2021-03-03 03:59:26,500.6
2021-03-03 04:00:26,498.5
2021-03-03 04:01:26,498.85
2021-03-03 04:02:26,504.25
2021-03-03 04:03:26,507.7
2021-03-03 04:04:26,508.0
2021-03-03 04:05:26,508.2
2021-03-03 04:06:26,509.0
2021-03-03 04:07:26,509.8
2021-03-03 04:08:26,524.25
2021-03-03 04:09:26,548.4
2021-03-03 04:10:26,555.55
2021-03-03 04:11:26,554.1
2021-03-03 04:12:26,548.25
2021-03-03 04:13:26,542.65
2021-03-03 04:14:26,544.65
2021-03-03 04:15:26,545.75
2021-03-03 04:16:26,548.4
2021-03-03 04:17:26,549.75
2021-03-03 04:18:26,542.85
2021-03-03 04:19:26,534.75
2021-03-03 04:20:26,535.1
2021-03-03 04:21:26,532.0
2021-03-03 04:22:26,523.5
2021-03-03 04:23:26,507.85
2021-03-03 04:24:26,504.0
2021-03-03 04:25:26,498.95
2021-03-03 04:26:26,497.3
2021-03-03 04:27:26,496.05
2021-03-03 04:28:26,492.3
2021-03-03 04:29:26,485.3
2021-03-03 04:30:26,481.65
2021-03-03 04:31:26,476.2
2021-03-03 04:32:26,475.0
2021-03-03 04:33:26,475.0
2021-03-03 04:34:26,476.3
2021-03-03 04:35:26,477.95
2021-03-03 04:36:26,478.0
2021-03-03 04:37:26,477.5
2021-03-03 04:38:26,475.75
2021-03-03 04:39:26,476.6
2021-03-03 04:40:26,502.2
2021-03-03 04:41:26,529.6
2021-03-03 04:42:26,542.6
2021-03-03 04:43:26,535.1
2021-03-03 04:44:26,536.75
2021-03-03 04:45:26,547.05
2021-03-03 04:46:26,552.8
2021-03-03 04:47:26,548.05
2021-03-03 04:48:26,538.5
2021-03-03 04:49:26,527.5
2021-03-03 04:50:26,524.2
2021-03-03 04:51:26,531.35
2021-03-03 04:52:26,530.85
2021-03-03 04:53:26,525.55
2021-03-03 04:54:26,526.95
2021-03-03 04:55:26,525.8
2021-03-03 04:56:26,523.9
2021-03-03 04:57:26,522.25
2021-03-03 04:58:26,519.3
2021-03-03 04:59:26,523.8
2021-03-03 05:00:26,529.4
2021-03-03 05:01:26,532.55
2021-03-03 05:02:26,528.3
2021-03-03 05:03:26,525.1
2021-03-03 05:04:26,523.7
2021-03-03 05:05:26,522.9
2021-03-03 05:06:26,523.0
2021-03-03 05:07:26,527.05
2021-03-03 05:08:26,525.5
2021-03-03 05:09:26,515.3
2021-03-03 05:10:26,521.95
2021-03-03 05:11:26,528.8
2021-03-03 05:12:26,534.85
2021-03-03 05:13:26,537.9
2021-03-03 05:14:26,534.75
2021-03-03 05:15:26,526.2
2021-03-03 05:16:26,510.85
2021-03-03 05:17:26,497.75
2021-03-03 05:18:26,487.55
2021-03-03 05:19:26,481.45
2021-03-03 05:20:26,476.2
2021-03-03 05:21:26,472.05
2021-03-03 05:22:26,471.8
2021-03-03 05:23:26,472.25
2021-03-03 05:24:26,481.75
2021-03-03 05:25:26,509.9
2021-03-03 05:26:26,529.9
2021-03-03 05:27:26,539.45
2021-03-03 05:28:26,532.15
2021-03-03 05:29:26,516.5
2021-03-03 05:30:26,514.6
2021-03-03 05:31:26,510.6
2021-03-03 05:34:49,493.33
2021-03-03 05:35:49,484.75
2021-03-03 05:36:49,484.5
2021-03-03 05:37:49,489.75
2021-03-03 05:38:49,487.75
2021-03-03 05:39:49,487.25
2021-03-03 05:40:49,492.95
2021-03-03 05:41:49,499.6
2021-03-03 05:42:49,520.25
2021-03-03 05:43:49,535.2
2021-03-03 05:44:49,543.55
2021-03-03 05:45:49,531.45
2021-03-03 05:46:49,513.0
2021-03-03 05:47:49,504.95
2021-03-03 05:48:49,499.35
2021-03-03 05:49:49,489.75
2021-03-03 05:50:49,481.45
2021-03-03 05:51:49,477.6
2021-03-03 05:52:49,475.1
2021-03-03 05:53:49,476.35
2021-03-03 05:54:49,500.65
2021-03-03 05:55:49,532.55
2021-03-03 05:56:49,531.8
2021-03-03 05:57:49,534.9
2021-03-03 05:58:49,529.85
2021-03-03 05:59:49,512.1
2021-03-03 06:00:49,503.8
2021-03-03 06:01:49,500.4
2021-03-03 06:02:49,505.1
2021-03-03 06:03:49,511.8
2021-03-03 06:04:49,515.05
2021-03-03 06:05:49,515.65
2021-03-03 06:06:49,527.55
2021-03-03 06:07:49,547.75
2021-03-03 06:08:49,568.8
2021-03-03 06:09:49,569.65
2021-03-03 06:10:49,554.95
2021-03-03 06:11:49,536.15
2021-03-03 06:12:49,519.2
2021-03-03 06:13:49,516.35
2021-03-03 06:14:49,530.9
2021-03-03 06:15:49,540.65
2021-03-03 06:16:49,540.4
2021-03-03 06:17:49,540.45
2021-03-03 06:18:49,542.1
2021-03-03 06:19:49,542.7
2021-03-03 06:20:49,529.0
2021-03-03 06:21:49,526.9
2021-03-03 06:22:49,517.55
2021-03-03 06:23:49,507.25
2021-03-03 06:24:49,504.6
2021-03-03 06:25:49,517.25
2021-03-03 06:26:49,518.4
2021-03-03 06:27:49,515.3
2021-03-03 06:28:49,515.0
2021-03-03 06:29:49,514.1
2021-03-03 06:31:09,510.93
2021-03-03 06:32:09,502.15
2021-03-03 06:33:09,492.95
2021-03-03 06:34:09,487.05
2021-03-03 06:35:09,488.45
2021-03-03 06:36:09,490.65
2021-03-03 06:37:09,493.55
2021-03-03 06:38:09,491.15
2021-03-03 06:39:09,500.7
2021-03-03 06:40:09,505.2
2021-03-03 06:41:09,497.25
2021-03-03 06:42:09,490.5
2021-03-03 06:43:09,485.8
2021-03-03 06:44:09,483.35
2021-03-03 06:45:09,481.75
2021-03-03 06:46:09,479.1
2021-03-03 06:47:09,478.0
2021-03-03 06:48:09,477.1
2021-03-03 06:49:09,478.15
2021-03-03 06:50:09,484.2
2021-03-03 06:51:09,497.5
2021-03-03 06:52:09,503.85
2021-03-03 06:53:09,505.75
2021-03-03 06:54:09,504.05
2021-03-03 06:55:09,502.6
2021-03-03 06:56:09,500.1
2021-03-03 06:57:09,490.55
2021-03-03 06:58:09,479.2
2021-03-03 06:59:09,473.75
2021-03-03 07:00:09,469.5
2021-03-03 07:01:09,468.05
2021-03-03 07:02:09,465.65
2021-03-03 07:03:09,462.45
2021-03-03 07:04:09,460.4
2021-03-03 07:05:09,460.8
2021-03-03 07:06:09,463.65
2021-03-03 07:07:09,466.65
2021-03-03 07:08:09,468.0
2021-03-03 07:09:09,468.85
2021-03-03 07:10:09,469.0
2021-03-03 07:11:09,470.2
2021-03-03 07:12:09,474.05
2021-03-03 07:13:09,478.5
2021-03-03 07:14:09,478.35
2021-03-03 07:15:09,481.05
2021-03-03 07:16:09,499.95
2021-03-03 07:17:09,512.55
2021-03-03 07:18:09,510.05
2021-03-03 07:19:09,499.45
2021-03-03 07:20:09,490.1
2021-03-03 07:21:09,487.8
2021-03-03 07:22:09,485.55
2021-03-03 07:23:09,500.2
2021-03-03 07:24:09,531.2
2021-03-03 07:25:09,559.8
2021-03-03 07:26:09,575.75
2021-03-03 07:27:09,586.0
2021-03-03 07:28:09,592.1
2021-03-03 07:29:09,606.2
2021-03-03 07:30:09,606.7
2021-03-03 07:31:09,603.3
2021-03-03 07:32:09,594.7
2021-03-03 07:33:09,571.55
2021-03-03 07:34:09,551.1
2021-03-03 07:35:09,528.75
2021-03-03 07:36:09,509.6
2021-03-03 07:37:09,500.2
2021-03-03 07:38:09,499.5
2021-03-03 07:39:09,495.45
2021-03-03 07:40:09,487.05
2021-03-03 07:41:09,481.75
2021-03-03 07:42:09,480.5
2021-03-03 07:43:09,483.65
2021-03-03 07:44:09,484.0
2021-03-03 07:45:09,484.0
2021-03-03 07:46:09,486.9
2021-03-03 07:47:09,493.1
2021-03-03 07:48:09,495.25
2021-03-03 07:49:09,504.25
2021-03-03 07:50:09,565.95
2021-03-03 07:51:09,591.5
2021-03-03 07:52:09,576.95
2021-03-03 07:53:09,562.65
2021-03-03 07:54:09,552.85
2021-03-03 07:55:09,554.35
2021-03-03 07:56:09,566.1
2021-03-03 07:57:09,576.45
2021-03-03 07:58:09,568.85
2021-03-03 07:59:09,567.9
2021-03-03 08:00:09,561.8
2021-03-03 08:01:09,558.7
2021-03-03 08:02:09,552.1
2021-03-03 08:03:09,542.25
2021-03-03 08:04:09,544.15
2021-03-03 08:05:09,544.65
2021-03-03 08:06:09,551.85
2021-03-03 08:07:09,568.1
2021-03-03 08:08:09,569.75
2021-03-03 08:09:09,560.25
2021-03-03 08:10:09,546.45
2021-03-03 08:11:09,538.25
2021-03-03 08:12:09,527.3
2021-03-03 08:13:09,540.25
2021-03-03 08:14:09,552.8
2021-03-03 08:15:09,556.5
2021-03-03 08:16:09,559.85
2021-03-03 08:17:09,551.0
2021-03-03 08:18:09,540.45
2021-03-03 08:19:09,549.5
2021-03-03 08:20:09,554.25
2021-03-03 08:21:09,548.15
2021-03-03 08:22:09,539.05
2021-03-03 08:23:09,522.6
2021-03-03 08:24:09,514.6
2021-03-03 08:25:09,508.7
2021-03-03 08:26:09,518.0
2021-03-03 08:27:09,527.65
2021-03-03 08:28:09,531.2
2021-03-03 08:29:09,526.5
2021-03-03 08:30:09,517.3
2021-03-03 08:32:14,511.0
2021-03-03 08:33:14,506.3
2021-03-03 08:34:14,511.7
2021-03-03 08:35:14,517.55
2021-03-03 08:36:14,515.1
2021-03-03 08:37:14,506.15
2021-03-03 08:38:14,500.3
2021-03-03 08:39:14,505.5
2021-03-03 08:40:14,506.0
2021-03-03 08:41:14,504.9
2021-03-03 08:42:14,507.7
2021-03-03 08:43:14,516.25
2021-03-03 08:44:14,517.05
2021-03-03 08:45:14,532.5
2021-03-03 08:46:14,542.7
2021-03-03 08:47:14,544.3
2021-03-03 08:48:14,531.35
2021-03-03 08:49:14,517.5
2021-03-03 08:50:14,506.5
2021-03-03 08:51:14,500.8
2021-03-03 08:52:14,502.45
2021-03-03 08:53:14,510.0
2021-03-03 08:54:14,515.8
2021-03-03 08:55:14,520.95
2021-03-03 08:56:14,517.0
2021-03-03 08:57:14,510.7
2021-03-03 08:58:14,526.7
2021-03-03 08:59:14,537.3
2021-03-03 09:00:14,537.75
2021-03-03 09:01:14,536.05
2021-03-03 09:02:14,529.5
2021-03-03 09:03:14,532.25
2021-03-03 09:04:14,535.4
2021-03-03 09:05:14,534.05
2021-03-03 09:06:14,535.3
2021-03-03 09:07:14,536.0
2021-03-03 09:08:14,531.45
2021-03-03 09:09:14,520.65
2021-03-03 09:10:14,517.9
2021-03-03 09:11:14,514.45
2021-03-03 09:12:14,513.25
2021-03-03 09:13:14,511.5
2021-03-03 09:14:14,508.05
2021-03-03 09:15:14,508.0
2021-03-03 09:16:14,504.05
2021-03-03 09:17:14,499.25
2021-03-03 09:18:14,492.75
2021-03-03 09:19:14,485.95
2021-03-03 09:20:14,484.35
2021-03-03 09:21:14,484.4
2021-03-03 09:22:14,485.45
2021-03-03 09:23:14,487.65
2021-03-03 09:24:14,486.6
2021-03-03 09:25:14,484.2
2021-03-03 09:26:14,489.25
2021-03-03 09:27:14,496.95
2021-03-03 09:28:14,501.4
2021-03-03 09:29:14,501.45
2021-03-03 09:30:14,503.2
2021-03-03 09:31:14,503.2
2021-03-03 09:32:14,501.75
2021-03-03 09:33:14,502.0
2021-03-03 09:34:14,498.2
2021-03-03 09:35:14,490.15
2021-03-03 09:36:14,487.7
2021-03-03 09:37:14,485.35
2021-03-03 09:38:14,485.0
2021-03-03 09:39:14,484.05
2021-03-03 09:40:14,484.35
2021-03-03 09:41:14,483.55
2021-03-03 09:42:14,480.0
2021-03-03 09:43:14,481.1
2021-03-03 09:44:14,485.1
2021-03-03 09:45:14,487.95
2021-03-03 09:46:14,488.4
2021-03-03 09:47:14,489.1
2021-03-03 09:48:14,490.55
2021-03-03 09:49:14,490.4
2021-03-03 09:50:14,489.95
2021-03-03 09:51:14,489.0
2021-03-03 09:52:14,487.5
2021-03-03 09:53:14,480.65
2021-03-03 09:54:14,473.75
2021-03-03 09:55:14,473.0
2021-03-03 09:56:14,473.8
2021-03-03 09:57:14,474.05
2021-03-03 09:58:14,472.65
2021-03-03 09:59:14,471.5
2021-03-03 10:00:14,470.55
2021-03-03 10:01:14,469.15
2021-03-03 10:02:14,467.7
2021-03-03 10:03:14,467.05
2021-03-03 10:04:14,467.0
2021-03-03 10:05:14,467.0
2021-03-03 10:06:14,467.1
2021-03-03 10:07:14,467.0
2021-03-03 10:08:14,466.5
2021-03-03 10:09:14,466.2
2021-03-03 10:10:14,466.3
2021-03-03 10:11:14,466.0
2021-03-03 10:12:14,465.05
2021-03-03 10:13:14,463.75
2021-03-03 10:14:14,462.3
2021-03-03 10:15:14,461.25
2021-03-03 10:16:14,461.0
2021-03-03 10:17:14,459.55
2021-03-03 10:18:14,458.7
2021-03-03 10:19:14,456.4
2021-03-03 10:20:14,455.45
2021-03-03 10:21:14,455.0
2021-03-03 10:22:14,454.05
2021-03-03 10:23:14,452.25
2021-03-03 10:24:14,452.0
2021-03-03 10:25:14,451.3
2021-03-03 10:26:14,449.7
2021-03-03 10:27:14,449.6
2021-03-03 10:28:14,447.55
2021-03-03 10:29:14,445.75
2021-03-03 10:30:14,445.2
2021-03-03 10:31:14,444.9
2021-03-03 10:32:14,444.0
2021-03-03 10:33:14,443.75
2021-03-03 10:34:14,442.5
2021-03-03 10:35:14,442.95
2021-03-03 10:36:14,441.65
2021-03-03 10:37:14,440.55
2021-03-03 10:38:14,439.1
2021-03-03 10:39:14,438.35
2021-03-03 10:40:14,438.25
2021-03-03 10:41:14,437.0
2021-03-03 10:42:14,436.8
2021-03-03 10:43:14,435.95
2021-03-03 10:44:14,435.0
2021-03-03 10:45:14,435.0
2021-03-03 10:46:14,435.0
2021-03-03 10:47:14,434.95
2021-03-03 10:48:14,433.45
2021-03-03 10:49:14,431.45
2021-03-03 10:50:14,430.45
2021-03-03 10:51:14,429.9
2021-03-03 10:52:14,429.6
2021-03-03 10:53:14,428.8
2021-03-03 10:54:14,428.8
2021-03-03 10:55:14,428.15
2021-03-03 10:56:14,428.0
2021-03-03 10:57:14,428.0
2021-03-03 10:58:14,428.0
2021-03-03 10:59:14,428.0
2021-03-03 11:00:14,428.0
2021-03-03 11:01:14,428.2
2021-03-03 11:02:14,428.95
2021-03-03 11:03:14,429.0
2021-03-03 11:04:14,429.35
2021-03-03 11:05:14,428.35
2021-03-03 11:06:14,428.0
2021-03-03 11:07:14,429.25
2021-03-03 11:08:14,429.95
2021-03-03 11:09:14,429.15
2021-03-03 11:10:14,429.0
2021-03-03 11:11:14,428.8
2021-03-03 11:12:14,428.2
2021-03-03 11:13:14,428.5
2021-03-03 11:14:14,428.75
2021-03-03 11:15:14,428.25
2021-03-03 11:16:14,428.55
2021-03-03 11:17:14,429.0
2021-03-03 11:19:16,431.38
2021-03-03 11:20:16,431.0
2021-03-03 11:21:16,431.5
2021-03-03 11:22:16,430.6
2021-03-03 11:23:16,430.65
2021-03-03 11:24:16,431.0
2021-03-03 11:25:16,430.2
2021-03-03 11:26:16,429.95
2021-03-03 11:27:16,429.3
2021-03-03 11:28:16,429.0
2021-03-03 11:29:16,428.95
2021-03-03 11:30:16,428.95
2021-03-03 11:31:16,429.0
2021-03-03 11:32:16,429.0
2021-03-03 11:33:16,429.0
2021-03-03 11:34:16,429.0
2021-03-03 11:35:16,428.7
2021-03-03 11:36:16,429.0
2021-03-03 11:37:16,428.65
2021-03-03 11:38:16,428.35
2021-03-03 11:39:16,429.0
2021-03-03 11:40:16,429.5
2021-03-03 11:41:16,430.35
2021-03-03 11:42:16,431.25
2021-03-03 11:43:16,431.8
2021-03-03 11:44:16,432.2
2021-03-03 11:45:16,433.0
2021-03-03 11:46:16,433.0
2021-03-03 11:47:16,433.0
2021-03-03 11:48:16,433.2
2021-03-03 11:49:16,432.2
2021-03-03 11:50:16,431.95
2021-03-03 11:51:16,431.5
2021-03-03 11:52:16,431.0
2021-03-03 11:53:16,431.0
2021-03-03 11:54:16,431.0
2021-03-03 11:55:16,430.75
2021-03-03 11:56:16,429.95
2021-03-03 11:57:16,430.5
2021-03-03 11:58:16,430.35
2021-03-03 11:59:16,430.15
2021-03-03 12:00:16,430.0
2021-03-03 12:01:16,430.25
2021-03-03 12:02:16,430.05
2021-03-03 12:03:16,430.0
2021-03-03 12:04:16,429.65
2021-03-03 12:05:16,429.3
2021-03-03 12:06:16,429.2
2021-03-03 12:07:16,429.1
2021-03-03 12:08:16,429.0
2021-03-03 12:09:16,428.9
2021-03-03 12:10:16,428.15
2021-03-03 12:11:16,428.0
2021-03-03 12:12:16,428.0
2021-03-03 12:13:16,428.0
2021-03-03 12:14:16,427.55
2021-03-03 12:15:16,426.9
2021-03-03 12:16:16,426.15
2021-03-03 12:17:16,426.65
2021-03-03 12:18:16,426.0
2021-03-03 12:19:16,425.65
2021-03-03 12:23:01,424.38
2021-03-03 12:24:01,421.75
2021-03-03 12:25:01,422.1
2021-03-03 12:26:01,423.5
2021-03-03 12:27:01,424.3
2021-03-03 12:28:01,425.4
2021-03-03 12:29:01,426.35
2021-03-03 12:30:01,424.25
2021-03-03 12:31:01,424.6
2021-03-03 12:32:01,424.4
2021-03-03 12:33:01,424.95
2021-03-03 12:34:01,424.95
2021-03-03 12:35:01,425.0
2021-03-03 12:37:50,426.69
2021-03-03 12:38:50,439.35
2021-03-03 12:39:50,452.2
2021-03-03 12:40:50,454.4
2021-03-03 12:41:50,452.6
2021-03-03 12:42:50,448.8
2021-03-03 12:43:50,444.75
2021-03-03 12:44:50,442.1
2021-03-03 12:45:50,441.15
2021-03-03 12:46:50,442.65
2021-03-03 12:47:50,447.8
2021-03-03 12:48:50,450.25
2021-03-03 12:49:50,448.2
2021-03-03 12:50:50,443.6
2021-03-03 12:52:07,439.19
2021-03-03 12:53:07,435.7
2021-03-03 12:54:07,432.6
2021-03-03 12:55:07,430.9
2021-03-03 12:56:07,436.3
2021-03-03 12:57:07,440.0
2021-03-03 12:58:07,440.8
2021-03-03 12:59:07,441.8
2021-03-03 13:00:07,445.4
2021-03-03 13:01:07,447.45
2021-03-03 13:02:07,449.35
2021-03-03 13:03:07,450.65
2021-03-03 13:04:07,453.3
2021-03-03 13:05:07,455.95
2021-03-03 13:06:07,459.0
2021-03-03 13:07:07,461.0
2021-03-03 13:08:07,459.8
2021-03-03 13:09:07,457.7
2021-03-03 13:10:07,457.4
2021-03-03 13:11:07,456.45
2021-03-03 13:12:07,450.85
2021-03-03 13:13:07,443.1
2021-03-03 13:14:07,437.3
2021-03-03 13:15:07,433.5
2021-03-03 13:16:07,432.1
2021-03-03 13:17:07,432.0
2021-03-03 13:18:07,433.3
2021-03-03 13:19:07,436.1
2021-03-03 13:20:07,438.45
2021-03-03 13:21:07,440.4
2021-03-03 13:22:07,440.55
2021-03-03 13:23:07,440.2
2021-03-03 13:24:07,441.0
2021-03-03 13:25:07,440.0
2021-03-03 13:26:07,438.85
2021-03-03 13:27:07,438.0
2021-03-03 13:28:07,437.85
2021-03-03 13:29:07,437.85
2021-03-03 13:30:07,437.05
2021-03-03 13:31:07,436.2
2021-03-03 13:32:07,434.6
2021-03-03 13:33:07,434.15
2021-03-03 13:34:07,434.05
2021-03-03 13:35:07,432.95
2021-03-03 13:36:07,430.95
2021-03-03 13:37:07,430.8
2021-03-03 13:38:07,431.15
2021-03-03 13:39:07,431.95
2021-03-03 13:40:07,432.0
2021-03-03 13:41:07,432.6
2021-03-03 13:42:07,432.65
2021-03-03 13:43:07,432.7
2021-03-03 13:44:07,431.7
2021-03-03 13:45:07,432.1
2021-03-03 13:46:07,432.65
2021-03-03 13:47:07,433.0
2021-03-03 13:48:07,433.0
2021-03-03 13:49:07,432.4
2021-03-03 13:50:07,430.8
2021-03-03 13:51:07,429.6
2021-03-03 13:52:07,428.5
2021-03-03 13:53:07,428.0
2021-03-03 13:54:07,428.0
2021-03-03 13:55:07,428.0
2021-03-03 13:56:07,428.35
2021-03-03 13:57:07,431.0
2021-03-03 13:58:07,435.25
2021-03-03 13:59:07,438.45
2021-03-03 14:00:07,438.6
2021-03-03 14:01:07,439.0
2021-03-03 14:02:07,439.7
2021-03-03 14:03:07,438.25
2021-03-03 14:04:07,438.0
2021-03-03 14:05:07,437.85
2021-03-03 14:06:07,437.15
2021-03-03 14:07:07,437.0
2021-03-03 14:08:07,435.75
2021-03-03 14:09:07,433.6
2021-03-03 14:10:07,433.0
2021-03-03 14:11:07,433.45
2021-03-03 14:12:07,442.35
2021-03-03 14:13:07,470.25
2021-03-03 14:14:07,541.0
2021-03-03 14:15:07,603.25
2021-03-03 14:16:07,665.75
2021-03-03 14:17:07,679.85
2021-03-03 14:18:07,671.1
2021-03-03 14:19:07,648.25
2021-03-03 14:20:07,618.4
2021-03-03 14:21:07,565.55
2021-03-03 14:22:07,517.8
2021-03-03 14:23:07,491.4
2021-03-03 14:24:07,479.0
2021-03-03 14:25:07,466.05
2021-03-03 14:26:07,456.9
2021-03-03 14:27:07,453.95
2021-03-03 14:28:07,448.3
2021-03-03 14:29:07,445.65
2021-03-03 14:30:07,442.5
2021-03-03 14:31:07,440.3
2021-03-03 14:32:07,438.05
2021-03-03 14:33:07,437.5
2021-03-03 14:34:07,437.15
2021-03-03 14:35:07,436.4
2021-03-03 14:36:07,435.45
2021-03-03 14:37:07,434.9
2021-03-03 14:38:07,434.0
2021-03-03 14:39:07,433.85
2021-03-03 14:40:07,434.0
2021-03-03 14:41:07,434.35
2021-03-03 14:42:07,435.9
2021-03-03 14:43:07,437.35
2021-03-03 14:44:07,442.0
2021-03-03 14:45:07,444.2
2021-03-03 14:46:07,451.2
2021-03-03 14:47:07,466.5
2021-03-03 14:48:07,475.1
2021-03-03 14:49:07,474.05
2021-03-03 14:50:07,459.9
2021-03-03 14:51:07,443.15
2021-03-03 14:52:07,434.15
2021-03-03 14:53:07,429.05
2021-03-03 14:54:07,427.65
2021-03-03 14:55:07,424.75
2021-03-03 14:56:07,424.0
2021-03-03 14:57:07,423.85
2021-03-03 14:58:07,423.5
2021-03-03 14:59:07,422.8
2021-03-03 15:00:07,422.2
2021-03-03 15:01:07,422.0
2021-03-03 15:02:07,422.0
2021-03-03 15:03:07,422.0
2021-03-03 15:04:07,421.5
2021-03-03 15:05:07,420.9
2021-03-03 15:06:07,421.0
2021-03-03 15:07:07,420.35
2021-03-03 15:08:07,419.55
2021-03-03 15:09:07,419.7
2021-03-03 15:10:07,419.7
2021-03-03 15:11:07,420.0
2021-03-03 15:12:07,420.15
2021-03-03 15:13:07,421.9
2021-03-03 15:14:07,426.5
2021-03-03 15:15:07,428.9
2021-03-03 23:01:10,563.33
2021-03-03 23:02:10,522.44
2021-03-03 23:03:10,546.25
2021-03-03 23:04:10,561.55
2021-03-03 23:05:10,554.45
2021-03-03 23:06:10,544.15
2021-03-03 23:07:10,536.8
2021-03-03 23:08:10,530.9
2021-03-03 23:09:10,524.05
2021-03-03 23:10:10,517.05
2021-03-03 23:11:10,512.55
2021-03-03 23:12:10,511.25
2021-03-03 23:13:10,509.1
2021-03-03 23:14:10,504.3
2021-03-03 23:16:56,502.93
2021-03-03 23:17:56,501.95
2021-03-03 23:18:56,501.0
2021-03-03 23:19:56,500.1
2021-03-03 23:20:56,497.2
2021-03-03 23:21:56,494.55
2021-03-03 23:22:56,491.45
2021-03-03 23:23:56,489.6
2021-03-03 23:24:56,489.45
2021-03-03 23:25:56,489.0
2021-03-03 23:26:56,488.9
2021-03-03 23:27:56,489.05
2021-03-03 23:28:56,489.25
2021-03-03 23:29:56,492.25
2021-03-03 23:30:56,498.95
2021-03-03 23:31:56,505.3
2021-03-03 23:32:56,510.95
2021-03-03 23:33:56,516.9
2021-03-03 23:34:56,521.15
2021-03-03 23:35:56,523.0
2021-03-03 23:36:56,523.0
2021-03-03 23:37:56,522.5
2021-03-03 23:38:56,522.2
2021-03-03 23:39:56,521.6
2021-03-03 23:40:56,520.9
2021-03-03 23:41:56,519.05
2021-03-03 23:42:56,519.0
2021-03-03 23:43:56,517.95
2021-03-03 23:44:56,516.55
2021-03-03 23:45:56,515.15
2021-03-03 23:46:56,514.0
2021-03-03 23:47:56,513.65
2021-03-03 23:48:56,513.85
2021-03-03 23:49:56,514.9
2021-03-03 23:50:56,515.3
2021-03-03 23:51:56,516.85
2021-03-03 23:52:56,517.55
2021-03-03 23:53:56,517.7
2021-03-03 23:54:56,516.6
2021-03-03 23:55:56,515.45
2021-03-03 23:56:56,514.8
2021-03-03 23:57:56,515.0
2021-03-03 23:58:56,515.5
2021-03-03 23:59:56,515.05
2021-03-04 00:00:56,511.45
2021-03-04 00:01:56,505.7
2021-03-04 00:02:56,500.45
2021-03-04 00:03:56,497.2
2021-03-04 00:04:56,496.95
2021-03-04 00:05:56,497.0
2021-03-04 00:06:56,497.0
2021-03-04 00:07:56,497.0
2021-03-04 00:08:56,503.75
2021-03-04 00:09:56,527.85
2021-03-04 00:10:56,548.6
2021-03-04 00:11:56,570.15
2021-03-04 00:12:56,578.75
2021-03-04 00:13:56,580.45
2021-03-04 00:14:56,587.9
2021-03-04 00:15:56,604.2
2021-03-04 00:16:56,615.0
2021-03-04 00:17:56,614.05
2021-03-04 00:18:56,613.25
2021-03-04 00:19:56,632.6
2021-03-04 00:20:56,609.45
2021-03-04 00:21:56,572.3
2021-03-04 00:22:56,527.05
2021-03-04 00:23:56,507.35
2021-03-04 00:24:56,500.85
2021-03-04 00:25:56,493.65
2021-03-04 00:26:56,491.4
2021-03-04 00:27:56,490.0
2021-03-04 00:28:56,486.3
2021-03-04 00:29:56,479.85
2021-03-04 00:30:56,492.35
2021-03-04 00:31:56,500.5
2021-03-04 00:32:56,497.85
2021-03-04 00:33:56,503.55
2021-03-04 00:34:56,500.45
2021-03-04 00:35:56,492.2
2021-03-04 00:36:56,484.75
2021-03-04 00:37:56,478.1
2021-03-04 00:38:56,471.5
2021-03-04 00:39:56,465.0
2021-03-04 00:40:56,461.3
2021-03-04 00:41:56,459.5
2021-03-04 00:42:56,456.8
2021-03-04 00:47:03,481.57
2021-03-04 00:48:03,478.65
2021-03-04 00:49:03,478.55
2021-03-04 00:50:03,484.9
2021-03-04 00:51:03,494.5
2021-03-04 00:52:03,502.15
2021-03-04 00:53:03,507.75
2021-03-04 00:54:03,512.25
2021-03-04 00:55:03,515.95
2021-03-04 00:56:03,518.55
2021-03-04 00:57:03,520.8
2021-03-04 00:58:03,524.65
2021-03-04 00:59:03,530.2
2021-03-04 01:00:03,538.0
2021-03-04 01:01:03,540.15
2021-03-04 01:02:03,545.45
2021-03-04 01:03:03,549.8
2021-03-04 01:04:03,554.75
2021-03-04 01:05:03,560.55
2021-03-04 01:06:03,564.0
2021-03-04 01:07:03,563.2
2021-03-04 01:08:03,563.95
2021-03-04 01:09:03,564.8
2021-03-04 01:10:03,567.55
2021-03-04 01:11:03,571.25
2021-03-04 01:12:03,575.4
2021-03-04 01:13:03,579.15
2021-03-04 01:14:03,579.95
2021-03-04 01:15:03,580.7
2021-03-04 01:16:03,582.15
2021-03-04 01:17:03,586.2
2021-03-04 01:18:03,589.7
2021-03-04 01:19:03,592.5
2021-03-04 01:20:03,594.45
2021-03-04 01:21:03,594.95
2021-03-04 01:22:03,592.75
2021-03-04 01:23:03,592.05
2021-03-04 01:24:03,592.0
2021-03-04 01:25:03,592.0
2021-03-04 01:26:03,592.3
2021-03-04 01:27:03,592.9
2021-03-04 01:28:03,592.35
2021-03-04 01:29:03,591.5
2021-03-04 01:30:03,588.9
2021-03-04 01:31:03,587.55
2021-03-04 01:32:03,586.85
2021-03-04 01:33:03,586.55
2021-03-04 01:34:03,590.75
2021-03-04 01:35:03,601.2
2021-03-04 01:36:03,608.5
2021-03-04 01:37:03,617.2
2021-03-04 01:38:03,624.15
2021-03-04 01:39:03,632.85
2021-03-04 01:40:03,644.95
2021-03-04 01:41:03,657.2
2021-03-04 01:42:03,669.7
2021-03-04 01:43:03,680.45
2021-03-04 01:44:03,692.1
2021-03-04 01:45:03,702.0
2021-03-04 01:46:03,712.4
2021-03-04 01:47:03,723.85
2021-03-04 01:48:03,734.45
2021-03-04 01:49:03,745.0
2021-03-04 01:50:03,755.1
2021-03-04 01:51:03,763.3
2021-03-04 01:52:03,771.35
2021-03-04 01:53:03,780.4
2021-03-04 01:54:03,788.65
2021-03-04 01:55:03,798.2
2021-03-04 01:56:03,805.3
2021-03-04 01:57:03,810.95
2021-03-04 01:58:03,820.35
2021-03-04 01:59:03,826.7
2021-03-04 02:00:03,833.1
2021-03-04 02:01:03,841.7
2021-03-04 02:02:03,847.4
2021-03-04 02:03:03,853.7
2021-03-04 02:04:03,860.25
2021-03-04 02:05:03,866.35
2021-03-04 02:06:03,871.75
2021-03-04 02:07:03,878.25
2021-03-04 02:08:03,885.45
2021-03-04 02:09:03,894.4
2021-03-04 02:10:03,902.05
2021-03-04 02:11:03,909.95
2021-03-04 02:12:03,916.55
2021-03-04 02:13:03,923.25
2021-03-04 02:14:03,930.15
2021-03-04 02:15:03,933.55
2021-03-04 02:16:03,938.2
2021-03-04 02:17:03,946.1
2021-03-04 02:18:03,955.5
2021-03-04 02:19:03,961.7
2021-03-04 02:20:03,965.55
2021-03-04 02:21:03,973.75
2021-03-04 02:22:03,979.65
2021-03-04 02:23:03,983.75
2021-03-04 02:24:03,989.75
2021-03-04 02:25:03,994.1
2021-03-04 02:26:03,996.1
2021-03-04 02:27:03,1004.0
2021-03-04 02:28:03,1010.65
2021-03-04 02:29:03,1015.9
2021-03-04 02:30:03,1020.25
2021-03-04 02:31:03,1025.8
2021-03-04 02:32:03,1034.1
2021-03-04 02:33:03,1042.5
2021-03-04 02:34:03,1045.95
2021-03-04 02:35:03,1051.2
2021-03-04 02:36:03,1059.0
2021-03-04 02:37:03,1065.0
2021-03-04 02:38:03,1070.55
2021-03-04 02:39:03,1078.05
2021-03-04 02:40:03,1085.6
2021-03-04 02:41:03,1091.15
2021-03-04 02:42:03,1097.55
2021-03-04 02:43:03,1104.4
2021-03-04 02:44:03,1108.75
2021-03-04 02:45:03,1112.85
2021-03-04 02:46:03,1118.0
2021-03-04 02:48:32,1137.0
2021-03-04 02:49:32,1138.35
2021-03-04 02:50:32,1141.55
2021-03-04 02:51:32,1145.15
2021-03-04 02:52:32,1149.3
2021-03-04 02:53:32,1151.1
2021-03-04 02:54:32,1156.0
2021-03-04 02:55:32,1160.35
2021-03-04 02:56:32,1163.15
2021-03-04 02:57:32,1166.1
2021-03-04 02:58:32,1170.15
2021-03-04 02:59:32,1173.6
2021-03-04 03:00:32,1175.85
2021-03-04 03:01:32,1180.2
2021-03-04 03:02:32,1183.95
2021-03-04 03:15:26,1218.6
2021-03-04 03:16:26,1220.6
2021-03-04 03:17:26,1224.2
2021-03-04 03:18:26,1226.85
2021-03-04 03:19:26,1229.85
2021-03-04 03:20:26,1232.6
2021-03-04 03:21:26,1234.9
2021-03-04 03:22:26,1238.55
2021-03-04 03:23:26,1239.85
2021-03-04 03:24:26,1242.6
2021-03-04 03:25:26,1244.35
2021-03-04 03:26:26,1245.0
2021-03-04 03:27:26,1246.6
2021-03-04 03:28:26,1247.85
2021-03-04 03:29:26,1248.45
2021-03-04 03:30:26,1251.45
2021-03-04 03:31:26,1254.45
2021-03-04 03:32:26,1257.4
2021-03-04 03:33:26,1259.4
2021-03-04 03:34:26,1262.3
2021-03-04 03:35:26,1266.0
2021-03-04 03:36:26,1267.0
2021-03-04 03:37:26,1268.3
2021-03-04 03:38:26,1271.95
2021-03-04 03:39:26,1273.8
2021-03-04 03:40:26,1277.65
2021-03-04 03:41:26,1279.6
2021-03-04 03:42:26,1283.1
2021-03-04 03:43:26,1285.4
2021-03-04 03:44:26,1285.2
2021-03-04 03:45:26,1288.75
2021-03-04 03:46:26,1294.6
2021-03-04 03:47:26,1299.25
2021-03-04 03:48:26,1301.8
2021-03-04 03:49:26,1304.75
2021-03-04 03:50:26,1308.05
2021-03-04 03:51:26,1311.65
2021-03-04 03:52:26,1316.75
2021-03-04 03:53:26,1322.0
2021-03-04 03:54:26,1324.05
2021-03-04 03:55:26,1328.35
2021-03-04 03:56:26,1330.15
2021-03-04 03:57:26,1333.35
2021-03-04 03:58:26,1340.2
2021-03-04 03:59:26,1343.45
2021-03-04 04:00:26,1344.85
2021-03-04 04:01:26,1347.4
2021-03-04 04:02:26,1353.0
2021-03-04 04:03:26,1356.35
2021-03-04 04:04:26,1360.7
2021-03-04 04:05:26,1364.65
2021-03-04 04:06:26,1367.6
2021-03-04 04:07:26,1369.75
2021-03-04 04:08:26,1373.4
2021-03-04 04:09:26,1376.45
2021-03-04 04:10:26,1379.25
2021-03-04 04:11:26,1380.05
2021-03-04 04:12:26,1382.6
2021-03-04 04:13:26,1385.8
2021-03-04 04:14:26,1388.3
2021-03-04 04:15:26,1389.25
2021-03-04 04:16:26,1392.35
2021-03-04 04:17:26,1396.2
2021-03-04 04:18:26,1398.55
2021-03-04 04:19:26,1403.65
2021-03-04 04:20:26,1406.25
2021-03-04 04:21:26,1408.9
2021-03-04 04:22:26,1410.95
2021-03-04 04:23:26,1413.05
2021-03-04 04:24:26,1415.7
2021-03-04 04:25:26,1418.9
2021-03-04 04:26:26,1422.1
2021-03-04 04:27:26,1424.4
2021-03-04 04:28:26,1426.55
2021-03-04 04:29:26,1428.55
2021-03-04 04:30:26,1430.8
2021-03-04 04:31:26,1434.85
2021-03-04 04:32:26,1435.85
2021-03-04 04:33:26,1437.9
2021-03-04 04:34:26,1438.45
2021-03-04 04:35:26,1439.75
2021-03-04 04:36:26,1441.55
2021-03-04 04:37:26,1447.15
2021-03-04 04:38:26,1452.35
2021-03-04 04:39:26,1455.8
2021-03-04 04:40:26,1458.9
2021-03-04 04:41:26,1461.35
2021-03-04 04:42:26,1463.65
2021-03-04 04:43:26,1466.85
2021-03-04 04:44:26,1468.95
2021-03-04 04:45:26,1472.0
2021-03-04 04:46:26,1478.35
2021-03-04 04:47:26,1480.85
2021-03-04 04:48:26,1481.75
2021-03-04 04:49:26,1484.55
2021-03-04 04:50:26,1489.75
2021-03-04 04:51:26,1490.9
2021-03-04 04:52:26,1492.9
2021-03-04 04:53:26,1495.45
2021-03-04 04:54:26,1499.9
2021-03-04 04:55:26,1504.15
2021-03-04 04:56:26,1510.75
2021-03-04 04:57:26,1513.1
2021-03-04 04:58:26,1514.8
2021-03-04 04:59:26,1516.55
2021-03-04 05:00:26,1520.4
2021-03-04 05:01:26,1521.2
2021-03-04 05:02:26,1521.25
2021-03-04 05:03:26,1522.15
2021-03-04 05:04:26,1524.05
2021-03-04 05:05:26,1525.1
2021-03-04 05:06:26,1527.0
2021-03-04 05:07:26,1528.8
2021-03-04 05:08:26,1530.55
2021-03-04 05:09:26,1532.5
2021-03-04 05:10:26,1537.65
2021-03-04 05:11:26,1538.0
2021-03-04 05:12:26,1539.4
2021-03-04 05:13:26,1542.2
2021-03-04 05:14:26,1544.2
2021-03-04 05:15:26,1545.25
2021-03-04 05:16:26,1547.6
2021-03-04 05:17:26,1548.25
2021-03-04 05:18:26,1548.75
2021-03-04 05:19:26,1550.6
2021-03-04 05:20:26,1552.55
2021-03-04 05:21:26,1553.4
2021-03-04 05:22:26,1556.05
2021-03-04 05:23:26,1560.65
2021-03-04 05:24:26,1561.65
2021-03-04 05:25:26,1562.65
2021-03-04 05:26:26,1563.15
2021-03-04 05:27:26,1563.0
2021-03-04 05:28:26,1563.0
2021-03-04 05:29:26,1562.85
2021-03-04 05:30:26,1563.15
2021-03-04 05:31:26,1563.6
2021-03-04 05:32:26,1565.75
2021-03-04 05:33:26,1567.65
2021-03-04 05:34:26,1568.2
2021-03-04 05:35:26,1568.6
2021-03-04 05:36:26,1568.55
2021-03-04 05:37:26,1567.4
2021-03-04 05:38:26,1567.65
2021-03-04 05:39:26,1569.05
2021-03-04 05:40:26,1568.35
2021-03-04 05:41:26,1567.6
2021-03-04 05:42:26,1568.85
2021-03-04 05:43:26,1570.45
2021-03-04 05:44:26,1570.9
2021-03-04 05:45:26,1570.05
2021-03-04 05:46:26,1569.45
2021-03-04 05:47:26,1567.65
2021-03-04 05:48:26,1567.4
2021-03-04 05:49:26,1567.25
2021-03-04 05:50:26,1567.4
2021-03-04 05:51:26,1569.0
2021-03-04 05:52:26,1569.8
2021-03-04 05:53:26,1569.1
2021-03-04 05:54:26,1569.9
2021-03-04 05:55:26,1572.15
2021-03-04 05:56:26,1573.25
2021-03-04 05:57:26,1574.1
2021-03-04 05:58:26,1575.3
2021-03-04 05:59:26,1577.25
2021-03-04 06:00:26,1578.55
2021-03-04 06:01:26,1580.85
2021-03-04 06:02:26,1581.2
2021-03-04 06:03:26,1582.35
2021-03-04 06:04:26,1581.9
2021-03-04 06:05:26,1583.7
2021-03-04 06:06:26,1584.3
2021-03-04 06:07:26,1583.9
2021-03-04 06:08:26,1582.7
2021-03-04 06:09:26,1579.5
2021-03-04 06:10:26,1577.65
2021-03-04 06:11:26,1576.5
2021-03-04 06:12:26,1576.4
2021-03-04 06:13:26,1577.45
2021-03-04 06:14:26,1579.85
2021-03-04 06:15:26,1584.65
2021-03-04 06:16:26,1588.45
2021-03-04 06:17:26,1591.4
2021-03-04 06:18:26,1592.9
2021-03-04 06:19:56,1593.69
2021-03-04 06:20:56,1593.1
2021-03-04 06:21:56,1593.7
2021-03-04 06:22:56,1593.6
2021-03-04 06:23:56,1595.4
2021-03-04 06:24:56,1596.95
2021-03-04 06:25:56,1597.55
2021-03-04 06:26:56,1597.6
2021-03-04 06:27:56,1598.2
2021-03-04 06:28:56,1598.0
2021-03-04 06:29:56,1598.3
2021-03-04 06:30:56,1598.95
2021-03-04 06:31:56,1599.45
2021-03-04 06:32:56,1600.3
2021-03-04 06:33:56,1601.1
2021-03-04 06:34:56,1601.25
2021-03-04 06:35:56,1601.85
2021-03-04 06:36:56,1602.05
2021-03-04 06:37:56,1602.55
2021-03-04 06:38:56,1604.05
2021-03-04 06:39:56,1606.55
2021-03-04 06:40:56,1609.3
2021-03-04 06:41:56,1613.6
2021-03-04 06:42:56,1615.55
2021-03-04 06:43:56,1619.0
2021-03-04 06:44:56,1621.2
2021-03-04 06:45:56,1622.6
2021-03-04 06:46:56,1624.15
2021-03-04 06:47:56,1623.55
2021-03-04 06:48:56,1623.0
2021-03-04 06:49:56,1621.35
2021-03-04 06:50:56,1620.35
2021-03-04 06:51:56,1618.8
2021-03-04 06:52:56,1617.0
2021-03-04 06:53:56,1614.45
2021-03-04 06:54:56,1614.7
2021-03-04 06:55:56,1613.9
2021-03-04 06:56:56,1613.35
2021-03-04 06:57:56,1613.05
2021-03-04 06:58:56,1611.5
2021-03-04 06:59:56,1611.7
2021-03-04 07:00:56,1610.6
2021-03-04 07:01:56,1609.15
2021-03-04 07:02:56,1607.9
2021-03-04 07:03:56,1606.6
2021-03-04 07:04:56,1601.5
2021-03-04 07:05:56,1595.75
2021-03-04 07:06:56,1598.25
2021-03-04 07:07:56,1599.65
2021-03-04 07:08:56,1599.7
2021-03-04 07:09:56,1597.7
2021-03-04 07:10:56,1586.65
2021-03-04 07:11:56,1527.45
2021-03-04 07:12:56,1275.0
2021-03-04 07:13:56,1101.6
2021-03-04 07:14:56,959.9
2021-03-04 07:15:56,866.35
2021-03-04 07:16:56,788.15
2021-03-04 07:17:56,721.2
2021-03-04 07:18:56,687.05
2021-03-04 07:19:56,673.15
2021-03-04 07:20:56,664.4
2021-03-04 07:21:56,649.25
2021-03-04 07:22:56,626.7
2021-03-04 07:23:56,611.65
2021-03-04 07:24:56,599.35
2021-03-04 07:25:56,586.5
2021-03-04 07:26:56,579.2
2021-03-04 07:27:56,573.15
2021-03-04 07:28:56,565.0
2021-03-04 07:29:56,558.0
2021-03-04 07:30:56,548.1
2021-03-04 07:31:56,537.1
2021-03-04 07:32:56,529.1
2021-03-04 07:33:56,523.45
2021-03-04 07:34:56,519.5
2021-03-04 07:35:56,515.65
2021-03-04 07:36:56,513.95
2021-03-04 07:37:56,514.95
2021-03-04 07:38:56,516.15
2021-03-04 07:39:56,518.3
2021-03-04 07:40:56,520.0
2021-03-04 07:41:56,521.05
2021-03-04 07:42:56,529.0
2021-03-04 07:43:56,536.75
2021-03-04 07:44:56,538.0
2021-03-04 07:45:56,531.95
2021-03-04 07:46:56,587.55
2021-03-04 08:59:14,430.33
2021-03-04 09:00:14,-0.33
2021-03-04 09:08:19,430.12
2021-03-06 14:00:13,467.67
2021-03-06 14:01:13,469.8
2021-03-06 14:02:13,469.05
2021-03-06 14:03:13,466.4
2021-03-06 14:04:13,476.25
2021-03-06 14:05:13,495.2
2021-03-06 14:06:13,517.35
2021-03-06 14:07:13,528.1
2021-03-06 14:08:13,532.65
2021-03-06 14:09:13,521.9
2021-03-06 14:10:13,504.35
2021-03-06 14:11:13,502.1
2021-03-06 14:12:13,497.65
2021-03-06 14:13:13,494.6
2021-03-06 14:14:13,483.5
2021-03-06 14:15:13,476.3
2021-03-06 14:16:13,482.55
2021-03-06 14:17:13,492.6
2021-03-06 14:18:13,493.45
2021-03-06 14:19:13,492.25
2021-03-06 14:20:13,487.05
2021-03-06 14:21:13,475.35
2021-03-06 14:22:13,468.4
2021-03-06 14:23:13,461.9
2021-03-06 14:24:13,456.8
2021-03-06 14:25:13,454.25
2021-03-06 14:26:13,456.15
2021-03-06 14:27:13,456.95
2021-03-06 14:28:13,455.65
2021-03-06 14:29:13,455.85
2021-03-06 14:30:13,456.9
2021-03-06 14:31:13,461.75
2021-03-06 14:32:13,476.65
2021-03-06 14:33:13,478.4
2021-03-06 14:34:13,476.7
2021-03-06 14:35:13,472.4
2021-03-06 14:36:13,469.55
2021-03-06 14:37:13,466.6
2021-03-06 14:38:13,466.05
2021-03-06 14:39:13,465.8
2021-03-06 14:40:13,464.2
2021-03-06 14:41:13,462.9
2021-03-06 14:42:13,462.4
2021-03-06 14:43:13,458.65
2021-03-06 14:44:13,454.85
2021-03-06 14:46:49,456.71
2021-03-06 14:47:49,453.9
2021-03-06 14:48:49,452.15
2021-03-06 14:49:49,452.55
2021-03-06 14:50:49,453.8
2021-03-06 14:51:49,455.75
2021-03-06 14:52:49,462.25
2021-03-06 14:53:49,471.5
2021-03-06 14:54:49,494.65
2021-03-06 14:55:49,499.7
2021-03-06 14:56:49,498.65
2021-03-06 14:57:49,498.7
2021-03-06 14:58:49,489.85
2021-03-06 14:59:49,481.85
2021-03-06 15:02:17,477.98
2021-03-06 15:03:17,473.0
2021-03-06 15:04:17,469.75
2021-03-06 15:05:17,464.9
2021-03-06 15:06:17,462.45
2021-03-06 15:07:17,465.75
2021-03-06 15:08:17,471.8
2021-03-06 15:09:17,473.1
2021-03-06 15:10:17,479.5
2021-03-06 15:11:17,491.0
2021-03-06 15:12:17,501.55
2021-03-06 15:13:17,521.45
2021-03-06 15:14:17,518.55
2021-03-06 15:15:17,511.75
2021-03-06 15:16:17,509.0
2021-03-06 15:17:17,509.55
2021-03-06 15:18:17,513.0
2021-03-06 15:19:17,513.2
2021-03-06 15:20:17,520.0
2021-03-06 15:21:17,537.4
2021-03-06 15:22:17,536.1
2021-03-06 15:23:17,520.65
2021-03-06 15:24:17,503.8
2021-03-06 15:25:17,497.7
2021-03-06 15:26:17,501.35
2021-03-06 15:27:17,496.3
2021-03-06 15:28:17,490.4
2021-03-06 15:29:17,491.7
2021-03-06 15:30:17,494.7
2021-03-06 15:31:17,489.4
2021-03-06 15:32:17,481.65
2021-03-06 15:33:17,477.8
2021-03-06 15:34:17,473.55
2021-03-06 15:35:17,472.8
2021-03-06 15:36:17,475.7
2021-03-06 15:37:17,474.6
2021-03-06 15:38:17,474.55
2021-03-06 15:39:17,472.55
2021-03-06 15:40:17,476.95
2021-03-06 15:41:17,485.75
2021-03-06 15:42:17,490.4
2021-03-06 15:43:17,497.1
2021-03-06 15:44:17,703.25
2021-03-06 15:45:17,726.4
2021-03-06 15:46:17,705.5
2021-03-06 15:47:17,938.0
2021-03-06 15:48:17,1252.05
2021-03-06 15:49:17,1257.05
2021-03-06 15:50:17,1261.75
2021-03-06 15:51:17,1355.85
2021-03-06 15:52:17,1491.6
2021-03-06 15:53:17,1511.4
2021-03-06 15:54:17,1530.45
2021-03-06 15:55:17,1585.55
2021-03-06 15:56:17,1680.2
2021-03-06 15:57:17,1738.75
2021-03-06 15:58:17,1774.55
2021-03-06 15:59:17,1867.05
2021-03-06 16:00:17,1919.5
2021-03-06 16:01:17,1942.1
2021-03-06 16:02:17,1948.3
2021-03-06 16:03:17,1941.05
2021-03-06 16:04:17,1941.05
2021-03-06 16:05:17,1940.3
2021-03-06 16:06:17,1923.1
2021-03-06 16:07:17,1918.15
2021-03-06 16:08:17,1923.5
2021-03-06 16:09:17,1918.25
2021-03-06 16:10:17,1925.6
2021-03-06 16:11:17,1929.2
2021-03-06 16:12:17,1933.7
2021-03-06 16:13:17,1949.05
2021-03-06 16:14:17,1951.3
2021-03-06 16:15:17,1947.35
2021-03-06 16:16:17,1950.65
2021-03-06 16:17:17,1949.35
2021-03-06 16:18:17,1946.65
2021-03-06 16:19:17,1934.5
2021-03-06 16:20:17,1796.9
2021-03-06 16:21:17,1601.75
2021-03-06 16:22:17,1644.15
2021-03-06 16:23:17,1598.7
2021-03-06 16:24:17,1561.4
2021-03-06 16:25:17,1634.25
2021-03-06 16:26:17,1642.5
2021-03-06 16:27:17,1447.4
2021-03-06 16:28:17,1439.95
2021-03-06 16:29:17,1384.05
2021-03-06 16:30:17,1414.45
2021-03-06 16:31:17,1430.05
2021-03-06 16:32:17,1418.5
2021-03-06 16:33:17,1344.8
2021-03-06 16:34:17,1232.4
2021-03-06 16:35:17,1227.65
2021-03-06 16:36:17,1217.8
2021-03-06 16:37:17,1176.7
2021-03-06 16:38:17,1140.55
2021-03-06 16:39:17,1126.75
2021-03-06 16:40:17,1132.2
2021-03-06 16:41:17,1146.25
2021-03-06 16:42:17,1123.45
2021-03-06 16:43:17,1107.1
2021-03-06 16:44:17,1096.55
2021-03-06 16:45:17,1056.3
2021-03-06 16:46:17,1032.7
2021-03-06 16:47:17,1021.45
2021-03-06 16:48:17,995.65
2021-03-06 16:49:17,990.2
2021-03-06 16:50:17,981.75
2021-03-06 16:51:17,964.85
2021-03-06 16:52:17,935.95
2021-03-06 16:53:17,920.9
2021-03-06 16:54:17,924.65
2021-03-06 16:55:17,919.65
2021-03-06 16:56:17,902.45
2021-03-06 16:57:17,875.9
2021-03-06 16:58:17,872.1
2021-03-06 16:59:17,867.15
2021-03-06 17:00:17,867.65
2021-03-06 17:01:17,864.0
2021-03-06 17:02:17,844.0
2021-03-06 17:03:17,833.75
2021-03-06 17:04:17,841.2
2021-03-06 17:06:08,806.33
2021-03-06 17:07:08,792.0
2021-03-06 17:08:08,791.15
2021-03-06 17:09:08,790.9
2021-03-06 17:10:08,782.0
2021-03-06 17:11:08,765.85
2021-03-06 17:12:08,773.45
2021-03-06 17:13:08,780.55
2021-03-06 17:14:08,771.8
2021-03-06 17:15:08,758.9
2021-03-06 17:16:08,748.3
2021-03-06 17:17:08,745.1
2021-03-06 17:18:08,739.05
2021-03-06 17:19:08,740.95
2021-03-06 17:20:08,741.95
2021-03-06 17:21:08,738.45
2021-03-06 17:22:08,731.5
2021-03-06 17:23:08,713.1
2021-03-06 17:24:08,702.75
2021-03-06 17:25:08,693.75
2021-03-06 17:26:08,686.25
2021-03-06 17:27:08,686.4
2021-03-06 17:28:08,686.55
2021-03-06 17:29:08,684.95
2021-03-06 17:30:08,682.6
2021-03-06 17:31:08,678.2
2021-03-06 17:32:08,669.75
2021-03-06 17:33:08,660.95
2021-03-06 17:34:08,657.05
2021-03-06 17:35:08,656.4
2021-03-06 17:36:08,655.25
2021-03-06 17:37:08,656.35
2021-03-06 17:38:08,666.25
2021-03-06 17:39:08,672.0
2021-03-06 17:40:08,669.85
2021-03-06 17:41:08,668.25
2021-03-06 17:42:08,660.85
2021-03-06 17:43:08,651.5
2021-03-06 17:44:08,633.8
2021-03-06 17:45:08,627.3
2021-03-06 17:46:08,631.15
2021-03-06 17:47:08,636.2
2021-03-06 17:48:08,629.4
2021-03-06 17:49:08,622.75
2021-03-06 17:50:08,604.65
2021-03-06 17:51:08,601.35
2021-03-06 17:52:08,604.55
2021-03-06 17:53:08,610.55
2021-03-06 17:54:08,612.8
2021-03-06 17:55:08,618.3
2021-03-06 17:56:08,617.55
2021-03-06 17:57:08,617.85
2021-03-06 17:58:08,617.7
2021-03-06 17:59:08,614.85
2021-03-06 18:00:08,611.4
2021-03-06 18:01:08,612.4
2021-03-06 18:02:08,622.5
2021-03-06 18:03:08,623.75
2021-03-06 18:04:08,626.35
2021-03-06 18:05:08,636.85
2021-03-06 18:06:08,636.5
2021-03-06 18:07:08,632.95
2021-03-06 18:08:08,624.3
2021-03-06 18:09:08,622.3
2021-03-06 18:10:08,591.95
2021-03-06 18:11:08,568.2
2021-03-06 18:12:08,562.65
2021-03-06 18:13:08,556.8
2021-03-06 18:14:08,563.8
2021-03-06 18:15:08,568.15
2021-03-06 18:16:08,588.1
2021-03-06 18:17:08,589.55
2021-03-06 18:18:08,576.25
2021-03-06 18:19:08,575.1
2021-03-06 18:20:08,571.9
2021-03-06 18:21:08,557.4
2021-03-06 18:22:08,553.1
2021-03-06 18:25:09,546.9
2021-03-06 18:26:09,543.95
2021-03-06 18:27:09,532.35
2021-03-06 18:28:09,531.6
2021-03-06 18:29:09,552.1
2021-03-06 18:30:09,1565.9
2021-03-06 18:31:09,2650.15
2021-03-06 18:32:09,2502.6
2021-03-06 18:33:09,3212.8
2021-03-06 18:34:09,3224.75
2021-03-06 18:35:09,3017.65
2021-03-06 18:36:09,3256.75
2021-03-06 18:37:09,2956.4
2021-03-06 18:38:09,3024.25
2021-03-06 18:39:09,3004.85
2021-03-06 18:40:09,2973.75
2021-03-06 18:41:09,2948.5
2021-03-06 18:42:09,2934.35
2021-03-06 18:43:09,2925.6
2021-03-06 18:44:09,2917.2
2021-03-06 18:45:09,2899.85
2021-03-06 18:46:09,2886.05
2021-03-06 18:47:09,2874.7
2021-03-06 18:48:09,2662.15
2021-03-06 18:49:09,2371.25
2021-03-06 18:50:09,2417.6
2021-03-06 18:51:09,2040.3
2021-03-06 18:52:09,1678.25
2021-03-06 18:53:09,1496.95
2021-03-06 18:54:09,1181.65
2021-03-06 18:55:09,1174.05
2021-03-06 18:56:09,1054.8
2021-03-06 18:57:09,894.9
2021-03-06 18:58:09,800.4
2021-03-06 18:59:09,717.1
2021-03-06 19:00:09,715.35
2021-03-06 19:01:09,706.7
2021-03-06 19:02:09,669.55
2021-03-06 19:03:09,626.9
2021-03-06 19:04:09,611.95
2021-03-06 19:07:54,491.95
2021-03-06 19:08:54,484.15
2021-03-06 19:09:54,485.4
2021-03-06 19:10:54,488.25
2021-03-06 19:11:54,514.55
2021-03-06 19:12:54,535.75
2021-03-06 19:13:54,551.7
2021-03-06 19:16:22,543.57
2021-03-06 19:17:22,537.85
2021-03-06 19:18:22,550.0
2021-03-06 19:19:22,554.45
2021-03-06 19:20:22,559.5
2021-03-06 19:21:22,565.9
2021-03-06 19:22:22,570.75
2021-03-06 19:23:22,568.25
2021-03-06 19:24:22,557.6
2021-03-06 19:25:22,554.6
2021-03-06 19:26:22,541.7
2021-03-06 19:27:22,525.35
2021-03-06 21:11:37,1916.6
2021-03-06 21:12:37,4818.4
2021-03-06 21:13:37,6114.6
2021-03-06 21:14:37,6379.15
2021-03-06 21:15:37,6465.0
2021-03-06 21:16:37,6406.5
2021-03-06 21:17:37,6282.25
2021-03-06 21:18:37,5927.45
2021-03-06 21:19:37,5540.05
2021-03-06 21:20:37,5254.85
2021-03-06 21:21:37,5086.9
2021-03-06 21:22:37,4987.45
2021-03-06 21:23:37,4830.05
2021-03-06 21:24:37,4709.95
2021-03-06 21:25:37,4606.35
2021-03-06 21:26:37,4507.6
2021-03-06 21:27:37,4400.85
2021-03-06 21:28:37,4312.1
2021-03-06 21:29:37,4218.6
2021-03-06 21:30:37,4117.85
2021-03-06 21:31:37,4028.85
2021-03-06 21:32:37,3933.0
2021-03-06 21:33:37,3834.75
2021-03-06 21:34:37,3731.1
2021-03-06 21:35:37,3638.6
2021-03-06 21:36:37,3550.8
2021-03-06 21:37:37,3486.0
2021-03-06 21:38:37,3439.85
2021-03-06 21:39:37,3387.15
2021-03-06 21:40:37,3306.15
2021-03-06 21:41:37,3241.15
2021-03-06 21:42:37,3181.75
2021-03-06 21:43:37,3121.2
2021-03-06 21:44:37,3032.0
2021-03-06 21:45:37,2928.65
2021-03-06 21:46:37,2797.1
2021-03-06 21:47:37,2726.45
2021-03-06 21:48:37,2659.75
2021-03-06 21:49:37,2606.35
2021-03-06 21:50:37,2572.6
2021-03-06 21:51:37,2530.7
2021-03-06 21:52:37,2477.05
2021-03-06 21:53:37,2393.8
2021-03-06 21:54:37,2329.65
2021-03-06 21:55:37,2296.3
2021-03-06 21:56:37,2254.4
2021-03-06 21:57:37,2229.3
2021-03-06 21:58:37,2180.15
2021-03-06 21:59:37,2076.95
2021-03-06 22:00:37,1878.2
2021-03-06 22:01:37,1252.1
2021-03-06 22:02:37,913.4
2021-03-06 22:03:37,813.9
2021-03-06 22:04:37,761.35
2021-03-06 22:05:37,766.4
2021-03-06 22:06:37,763.7
2021-03-06 22:07:37,748.15
2021-03-06 22:08:37,735.8
2021-03-06 22:09:37,694.1
2021-03-06 22:10:37,576.75
2021-03-06 22:11:37,537.75
2021-03-06 22:12:37,525.15
2021-03-06 22:13:37,516.65
2021-03-06 22:14:37,505.15
2021-03-06 22:15:37,500.5
2021-03-06 22:16:37,495.7
2021-03-06 22:17:37,496.45
2021-03-06 22:18:37,495.85
2021-03-06 22:19:37,496.2
2021-03-06 22:20:37,497.4
2021-03-06 22:21:37,497.2
2021-03-06 22:22:37,497.7
2021-03-06 22:23:37,502.2
2021-03-06 22:24:37,506.1
2021-03-06 22:25:37,510.4
2021-03-06 22:26:37,512.0
2021-03-06 22:27:37,510.65
2021-03-06 22:28:37,511.35
2021-03-06 22:29:37,508.7
2021-03-06 22:30:37,507.35
2021-03-06 22:31:37,508.7
2021-03-06 22:32:37,510.2
2021-03-06 22:33:37,506.15
2021-03-06 22:34:37,511.0
2021-03-06 22:35:37,512.05
2021-03-06 22:36:37,501.45
2021-03-06 22:37:37,496.85
2021-03-06 22:38:37,493.25
2021-03-06 22:39:37,497.95
2021-03-06 22:40:37,508.3
2021-03-06 22:41:37,513.5
2021-03-06 22:42:37,518.65
2021-03-06 22:43:37,522.75
2021-03-06 22:44:37,516.6
2021-03-08 07:26:34,1989.4
2021-03-08 07:27:34,2269.85
2021-03-08 07:28:34,648.15
2021-03-08 07:29:34,531.4
2021-03-08 07:30:34,519.55
2021-03-08 07:31:34,593.36
2021-03-08 07:32:34,569.65
2021-03-08 07:33:34,546.35
2021-03-08 07:34:34,517.1
2021-03-08 07:35:34,515.3
2021-03-08 07:36:34,515.65
2021-03-08 07:37:34,514.5
2021-03-08 07:38:34,534.85
2021-03-08 07:39:34,577.85
2021-03-08 07:40:34,546.3
2021-03-08 07:41:34,566.4
2021-03-08 07:42:34,501.85
2021-03-08 07:43:34,492.9
2021-03-08 07:44:34,496.5
2021-03-08 07:45:34,497.3
2021-03-08 07:46:34,498.15
2021-03-08 07:47:34,496.75
2021-03-08 07:48:34,497.25
2021-03-08 07:49:34,500.25
2021-03-08 07:50:34,501.65
2021-03-08 07:51:34,501.65
2021-03-08 07:52:34,502.55
2021-03-08 07:53:34,503.1
2021-03-08 07:54:34,508.9
2021-03-08 07:55:34,514.95
2021-03-08 07:56:34,517.05
2021-03-08 07:57:34,514.15
2021-03-08 07:58:34,510.05
2021-03-08 07:59:34,517.0
2021-03-08 08:00:34,533.86
2021-03-08 09:19:33,821.21
2021-03-08 09:20:33,807.39
2021-03-08 09:21:33,760.65
2021-03-08 09:22:33,752.97
2021-03-08 09:23:33,878.69
2021-03-08 09:24:33,936.46
2021-03-08 09:25:33,986.04
2021-03-08 09:26:33,1034.05
2021-03-08 09:27:33,1083.91
2021-03-08 09:28:33,1617.69
2021-03-08 09:29:33,3090.2
2021-03-08 09:30:33,3332.39
2021-03-08 09:31:33,3701.17
2021-03-08 09:32:33,3848.61
2021-03-08 09:33:33,3491.04
2021-03-08 09:34:33,3263.24
2021-03-08 09:35:33,3158.84
2021-03-08 09:36:33,2895.85
2021-03-08 09:37:33,2843.73
2021-03-08 09:38:33,2788.56
2021-03-08 09:39:33,2711.72
2021-03-08 09:40:33,2574.96
2021-03-08 09:41:33,2475.76
2021-03-08 09:42:33,2474.2
2021-03-08 09:43:33,2437.57
2021-03-08 09:44:33,2406.09
2021-03-08 09:45:33,2364.26
2021-03-08 09:46:33,2342.82
2021-03-08 09:47:33,2294.58
2021-03-08 09:48:33,1960.47
2021-03-08 09:49:33,1917.02
2021-03-08 09:50:33,1973.01
2021-03-08 09:51:33,1984.68
2021-03-08 09:52:33,1941.06
2021-03-08 09:53:33,1872.65
2021-03-08 09:54:33,1781.89
2021-03-08 09:55:33,1593.25
2021-03-08 09:56:33,1441.88
2021-03-08 09:57:33,1373.53
2021-03-08 09:58:33,1407.45
2021-03-08 09:59:33,1414.78
2021-03-08 10:00:33,1333.78
2021-03-08 10:01:33,1264.91
2021-03-08 10:02:33,1244.06
2021-03-08 10:03:33,1246.6
2021-03-08 10:04:33,1213.38
2021-03-08 10:05:33,1049.47
2021-03-08 10:06:33,1035.49
2021-03-08 10:07:33,1047.45
2021-03-08 10:08:33,1036.59
2021-03-08 10:09:33,1044.97
2021-03-08 10:10:33,1019.72
2021-03-08 10:11:33,1001.92
2021-03-08 10:12:33,1005.91
2021-03-08 10:13:33,1003.31
2021-03-08 10:14:33,1003.77
2021-03-08 10:15:33,815.31
2021-03-08 10:31:37,545.3
2021-03-08 10:32:37,530.94
2021-03-08 10:33:37,525.11
2021-03-08 10:34:37,519.62
2021-03-08 10:35:37,518.06
2021-03-08 10:36:37,512.57
2021-03-08 10:37:37,502.92
2021-03-08 10:38:37,494.14
2021-03-08 10:39:37,490.21
2021-03-08 10:40:37,485.3
2021-03-08 10:41:37,483.33
2021-03-08 10:42:37,482.53
2021-03-08 10:43:37,481.54
2021-03-08 10:44:37,479.81
2021-03-08 10:45:37,477.73
2021-03-08 10:46:37,476.29
2021-03-08 10:47:37,477.61
2021-03-08 10:48:37,480.85
2021-03-08 10:49:37,480.45
2021-03-08 10:50:37,476.4
2021-03-08 11:15:51,603.76
2021-03-08 11:16:51,603.04
2021-03-08 11:17:51,602.99
2021-03-08 11:18:51,602.29
2021-03-08 11:19:51,602.52
2021-03-08 11:20:51,605.36
2021-03-08 11:21:51,609.98
2021-03-08 11:22:51,613.39
2021-03-08 11:23:51,615.41
2021-03-08 11:24:51,614.66
2021-03-08 11:25:51,614.72
2021-03-08 11:26:51,622.98
2021-03-08 11:27:51,626.33
2021-03-08 11:28:51,627.02
2021-03-08 11:29:51,649.32
2021-03-08 11:30:51,674.86
2021-03-08 11:31:51,685.89
2021-03-08 11:32:51,676.3
2021-03-08 11:33:51,668.16
2021-03-08 11:34:51,684.45
2021-03-08 11:35:51,745.11
2021-03-08 11:36:51,904.11
2021-03-08 11:37:51,1235.97
2021-03-08 11:38:51,1354.29
2021-03-08 11:39:51,969.05
2021-03-08 11:40:51,1069.4
2021-03-08 11:41:51,1541.48
2021-03-08 11:42:51,1626.59
2021-03-08 11:43:51,1672.92
2021-03-08 11:44:51,1731.27
2021-03-08 11:45:51,1988.08
2021-03-08 11:46:51,2026.91
2021-03-08 11:47:51,2125.42
2021-03-08 11:48:51,2026.56
2021-03-08 11:49:51,2242.24
2021-03-08 11:50:51,2835.12
2021-03-08 11:51:51,2067.35
2021-03-08 11:52:51,2018.53
2021-03-08 11:53:51,2666.77
2021-03-08 11:54:51,2533.6
2021-03-08 11:55:51,2579.7
2021-03-08 11:56:51,2510.89
2021-03-08 11:57:51,2699.53
2021-03-08 11:58:51,2345.31
2021-03-08 11:59:51,2238.42
2021-03-08 12:02:21,2539.88
2021-03-08 12:03:21,1911.82
2021-03-08 12:04:21,2770.36
2021-03-08 12:05:21,3540.21
2021-03-08 12:06:21,3296.05
2021-03-08 12:07:21,3341.75
2021-03-08 12:08:21,3416.23
2021-03-08 12:09:21,3419.52
2021-03-08 12:10:21,3094.77
2021-03-08 12:11:21,3245.62
2021-03-08 12:12:21,3080.32
2021-03-08 12:13:21,3026.53
2021-03-08 12:14:21,3397.74
2021-03-08 12:15:21,3428.36
2021-03-08 12:16:21,3405.02
2021-03-08 12:17:21,3605.32
2021-03-08 12:18:21,3721.39
2021-03-08 12:19:21,3864.44
2021-03-08 12:20:21,3886.11
2021-03-08 12:21:21,3723.13
2021-03-08 12:22:21,3773.1
2021-03-08 12:23:21,4007.44
2021-03-08 12:24:21,3892.29
2021-03-08 12:25:21,3834.0
2021-03-08 12:26:21,3822.21
2021-03-08 12:27:21,3724.28
2021-03-08 12:28:21,3259.37
2021-03-08 12:29:21,3440.09
2021-03-08 12:30:21,3545.53
2021-03-08 12:31:21,3395.19
2021-03-08 12:32:21,3186.97
2021-03-08 12:33:21,3391.84
2021-03-08 12:34:21,3378.38
2021-03-08 12:35:21,3197.43
2021-03-08 12:36:21,3162.25
2021-03-08 12:37:21,3230.88
2021-03-08 12:38:21,3347.65
2021-03-08 12:39:21,3166.98
2021-03-08 12:40:21,3359.2
2021-03-08 12:41:21,3464.18
2021-03-08 12:42:21,3291.37
2021-03-08 12:43:21,3318.87
2021-03-08 12:44:21,3286.58
2021-03-08 12:45:21,2855.63
2021-03-08 12:46:21,2607.66
2021-03-08 12:47:21,2524.18
2021-03-08 12:48:21,2414.12
2021-03-08 12:49:21,2357.61
2021-03-08 12:50:21,2366.92
2021-03-08 12:51:21,2426.14
2021-03-08 12:52:21,2457.85
2021-03-08 12:53:21,2526.61
2021-03-08 12:54:21,2485.82
2021-03-08 12:55:21,2091.21
2021-03-08 12:56:21,1713.02
2021-03-08 12:57:21,1547.43
2021-03-08 12:58:21,1521.78
2021-03-08 12:59:21,1526.23
2021-03-08 13:00:21,1532.59
2021-03-08 13:01:21,1523.63
2021-03-08 13:02:21,1503.58
2021-03-08 13:03:21,1477.64
2021-03-08 13:04:21,1458.46
2021-03-08 13:05:21,1440.9
2021-03-08 13:06:21,1396.35
2021-03-08 13:07:21,1365.1
2021-03-08 13:08:21,1346.67
2021-03-08 13:09:21,1324.94
2021-03-08 13:10:21,1308.94
2021-03-08 13:11:21,1292.42
2021-03-08 13:12:21,1269.42
2021-03-08 13:13:21,1250.99
2021-03-08 13:14:21,1230.89
2021-03-08 13:15:21,1199.8
2021-03-08 13:16:21,1174.84
2021-03-08 13:17:21,1152.72
2021-03-08 13:18:21,1126.66
2021-03-08 13:19:21,1100.2
2021-03-08 13:20:21,1084.89
2021-03-08 13:21:21,1069.46
2021-03-08 13:22:21,1057.62
2021-03-08 13:23:21,1036.18
2021-03-08 13:24:21,1025.44
2021-03-08 13:25:21,1010.42
2021-03-08 13:26:21,995.74
2021-03-08 13:27:21,982.22
2021-03-08 13:28:21,965.52
2021-03-08 13:29:21,952.24
2021-03-08 13:30:21,938.37
2021-03-08 13:31:21,929.47
2021-03-08 13:32:21,917.46
2021-03-08 13:33:21,902.84
2021-03-08 13:34:21,888.92
2021-03-08 13:35:21,873.78
2021-03-08 13:36:21,858.18
2021-03-08 13:37:21,845.7
2021-03-08 13:38:21,834.84
2021-03-08 13:39:21,824.44
2021-03-08 13:40:21,814.44
2021-03-08 13:41:21,797.8
2021-03-08 13:42:21,788.68
2021-03-08 13:43:21,779.32
2021-03-08 13:44:21,773.02
2021-03-08 13:45:21,762.73
2021-03-08 13:46:21,751.76
2021-03-08 13:47:21,741.88
2021-03-08 13:48:21,735.29
2021-03-08 13:49:21,729.17
2021-03-08 13:50:21,721.77
2021-03-08 13:51:21,716.05
2021-03-08 13:52:21,706.64
2021-03-08 13:53:21,701.32
2021-03-08 13:54:21,693.23
2021-03-08 13:55:21,689.36
2021-03-08 13:56:21,685.2
2021-03-08 13:57:21,680.69
2021-03-08 13:58:21,675.61
2021-03-08 13:59:21,669.02
2021-03-08 14:00:21,665.73
2021-03-08 14:01:21,663.42
2021-03-08 14:02:21,656.83
2021-03-08 16:55:37,1185.61
2021-03-08 16:56:37,1280.75
2021-03-08 16:57:37,1396.64
2021-03-08 16:58:37,1460.83
2021-03-08 16:59:37,1645.71
2021-03-08 17:00:37,1891.77
2021-03-08 17:01:37,1968.96
2021-03-08 17:02:37,2023.1
2021-03-08 17:03:37,2038.06
2021-03-08 17:04:37,2045.63
2021-03-08 17:05:37,2048.86
2021-03-08 17:06:37,2044.59
2021-03-08 17:07:37,2035.06
2021-03-08 17:08:37,2026.04
2021-03-08 17:09:37,2023.5
2021-03-08 17:10:37,2022.63
2021-03-08 17:11:37,2021.94
2021-03-08 17:12:37,2020.03
2021-03-08 17:13:37,2011.14
2021-03-08 17:14:37,1998.89
2021-03-08 17:15:37,1988.08
2021-03-08 17:16:37,1982.77
2021-03-08 17:17:37,1980.34
2021-03-08 17:18:37,1981.04
2021-03-08 17:19:37,1981.79
2021-03-08 17:20:37,1980.4
2021-03-08 17:21:37,1979.48
2021-03-08 17:22:37,1974.68
2021-03-08 17:23:37,1972.14
2021-03-08 17:24:37,1969.19
2021-03-08 17:25:37,1965.96
2021-03-08 17:26:37,1964.97
2021-03-08 17:27:37,1959.54
2021-03-08 17:28:37,1952.15
